dt_implant;cd_item;ds_nacional;Agrupamento_Item;ds_item;ds_voltagem;Família_(grupos);classificacao_fiscal;cd_ean;DUN-14;Múltiplo_Pedido;peso_bruto;aliquota_ipi;tipo_exclusividade;Origem;BU;Familia_Comercial
2025-02-03;FW011424;WAP WL 6100 ULTRA;WAP WL 6100 ULTRA;WAP WL 6100 ULTRA 220V;;Lavadoras;84243010;7899831343843;;1;24.5;0;CATALOGO ABERTO;Estrangeira;SDA - COOKING & BEAUTY;lavadora - intensivo
2025-02-03;FW011423;WAP WL 6100;WAP WL 6100;WAP WL 6100 220V;;Lavadoras;84243010;7899831342846;;1;24.5;0;CATALOGO ABERTO;Estrangeira;SDA - COOKING & BEAUTY;lavadora - intensivo
2023-06-02;FW009484;WAP WL 4000 ULTRA;WAP WL 4000 ULTRA;WAP WL 4000 ULTRA 220V;220V;Lavadoras;84243010;7899831312610;;1;12;0;CATALOGO ABERTO;Estrangeira;DIY;lavadora - intensivo
2023-06-02;FW009483;WAP WL 4000 ULTRA;WAP WL 4000 ULTRA;WAP WL 4000 ULTRA 127V;127V;Lavadoras;84243010;7899831312603;;1;12;0;CATALOGO ABERTO;Estrangeira;DIY;lavadora - intensivo
2023-06-02;FW009480;WAP WL 4000;WAP WL 4000;WAP WL 4000 220V;220V;Lavadoras;84243010;7899831312597;;1;12;0;CATALOGO ABERTO;Estrangeira;DIY;lavadora - intensivo
2023-06-02;FW009479;WAP WL 4000;WAP WL 4000;WAP WL 4000 127V;127V;Lavadoras;84243010;7899831312580;;1;12;0;CATALOGO ABERTO;Estrangeira;DIY;lavadora - intensivo
2023-05-25;FW009460;WAP WL 2660 TURBO ULTRA;WAP WL 2660 TURBO ULTRA;WAP WL 2660 TURBO ULTRA 220V;220V;Lavadoras;84243010;7899831312399;;1;9.5;0;CATALOGO ABERTO;Estrangeira;DIY;lavadora - ocasional
2023-05-25;FW009459;WAP WL 2660 TURBO ULTRA;WAP WL 2660 TURBO ULTRA;WAP WL 2660 TURBO ULTRA 127V;127V;Lavadoras;84243010;7899831312382;;1;9.5;0;CATALOGO ABERTO;Estrangeira;DIY;lavadora - ocasional
2023-07-05;FW009596;WAP WL 2660 TURBO;WAP WL 2660 TURBO;WAP WL 2660 TURBO 220V;220V;Lavadoras;84243010;7899831313099;;1;9.5;0;CATALOGO ABERTO;Estrangeira;DIY;lavadora - ocasional
2023-07-05;FW009595;WAP WL 2660 TURBO;WAP WL 2660 TURBO;WAP WL 2660 TURBO 127V;127V;Lavadoras;84243010;7899831313082;;1;9.5;0;CATALOGO ABERTO;Estrangeira;DIY;lavadora - ocasional
2023-05-25;FW009454;WAP WL 1820 ULTRA;WAP WL 1820 ULTRA;WAP WL 1820 ULTRA 220V;220V;Lavadoras;84243010;7899831312337;;1;5.5;0;CATALOGO ABERTO;Estrangeira;DIY;lavadora - ocasional
2023-05-25;FW009453;WAP WL 1820 ULTRA;WAP WL 1820 ULTRA;WAP WL 1820 ULTRA 127V;127V;Lavadoras;84243010;7899831312320;;1;5.5;0;CATALOGO ABERTO;Estrangeira;DIY;lavadora - ocasional
2023-10-27;FW010077;WAP WL 1820 BLACK ULTRA;WAP WL 1820 BLACK ULTRA;WAP WL 1820 BLACK ULTRA 220V;;Lavadoras;84243010;7899831328895;;1;5.5;0;EXCLUSIVO;Estrangeira;DIY;lavadora - ocasional
2023-10-27;FW010076;WAP WL 1820 BLACK ULTRA;WAP WL 1820 BLACK ULTRA;WAP WL 1820 BLACK ULTRA 127V;127V;Lavadoras;84243010;7899831328888;;1;5.5;0;EXCLUSIVO;Estrangeira;DIY;lavadora - ocasional
2023-10-27;FW010075;WAP WL 1820 BLACK;WAP WL 1820 BLACK;WAP WL 1820 BLACK 220V;220V;Lavadoras;84243010;7899831328871;;1;5.5;0;EXCLUSIVO;Estrangeira;DIY;lavadora - ocasional
2023-10-27;FW010074;WAP WL 1820 BLACK;WAP WL 1820 BLACK;WAP WL 1820 BLACK 127V;127V;Lavadoras;84243010;7899831328802;;1;5.5;0;EXCLUSIVO;Estrangeira;DIY;lavadora - ocasional
2023-05-25;FW009451;WAP WL 1820;WAP WL 1820;WAP WL 1820 127V;127V;Lavadoras;84243010;7899831312306;;1;5.5;0;CATALOGO ABERTO;Estrangeira;DIY;lavadora - ocasional
2023-05-25;FW009452;WAP WL 1820;WAP WL 1820;WAP WL 1820 220V;220V;Lavadoras;84243010;7899831312313;;1;5.5;0;CATALOGO ABERTO;Estrangeira;DIY;lavadora - ocasional
2020-01-03;FW007499;WAP WAPORE UP;WAP WAPORE UP;WAP WAPORE UP 220V - 50/60Hz;220V;Vaporizadores;84518000;7899831301331;;1;7.5;0;CATALOGO ABERTO;Estrangeira;SDA - MOTORS & COMFORT;vaporizador
2020-01-03;FW007498;WAP WAPORE UP;WAP WAPORE UP;WAP WAPORE UP 127V - 50/60Hz;127V;Vaporizadores;84518000;7899831301324;;1;7.5;0;CATALOGO ABERTO;Estrangeira;SDA - MOTORS & COMFORT;vaporizador
2020-02-12;FW007722;WAP WAPORE FIT;WAP WAPORE FIT;WAP WAPORE FIT 220V;220V;Vaporizadores;84243090;7899831302086;;1;2.1;0;EXCLUSIVO;Estrangeira;SDA - MOTORS & COMFORT;vaporizador
2020-02-12;FW007721;WAP WAPORE FIT;WAP WAPORE FIT;WAP WAPORE FIT 127V;127V;Vaporizadores;84243090;7899831302079;;1;2.1;0;EXCLUSIVO;Estrangeira;SDA - MOTORS & COMFORT;vaporizador
2022-05-31;FW008939;WAP WAPORE FAST 1250;WAP WAPORE FAST 1250;WAP WAPORE FAST 1250 220V;220V;Vaporizadores;84243090;7899831310777;;1;1;0;CATALOGO ABERTO;Estrangeira;SDA - MOTORS & COMFORT;vaporizador
2022-05-31;FW008938;WAP WAPORE FAST 1250;WAP WAPORE FAST 1250;WAP WAPORE FAST 1250 127V;127V;Vaporizadores;84243090;7899831310760;;1;1;0;CATALOGO ABERTO;Estrangeira;SDA - MOTORS & COMFORT;vaporizador
2020-02-12;FW007718;WAP WAPORE CLEAN EASY;WAP WAPORE CLEAN EASY;WAP WAPORE CLEAN EASY 220V;220V;Vaporizadores;84243090;7899831302062;;1;5.15;0;EXCLUSIVO;Estrangeira;SDA - MOTORS & COMFORT;vaporizador
2020-02-12;FW007717;WAP WAPORE CLEAN EASY;WAP WAPORE CLEAN EASY;WAP WAPORE CLEAN EASY 127V;127V;Vaporizadores;84243090;7899831302055;;1;5.15;0;EXCLUSIVO;Estrangeira;SDA - MOTORS & COMFORT;vaporizador
2024-09-30;FW011173;WAP VORTEX VX90;WAP VORTEX VX90;WAP VORTEX VX90 220V;;Ventiladores;84145120;7899831340583;;1;0;;CATALOGO ABERTO;Nacional;SEM CLASSIFICAÇÃO;ventilador - de teto
2024-09-30;FW011172;WAP VORTEX VX90;WAP VORTEX VX90;WAP VORTEX VX90 127V;;Ventiladores;84145120;7899831340576;;1;0;;CATALOGO ABERTO;Nacional;SEM CLASSIFICAÇÃO;ventilador - de teto
2024-10-07;FW011182;WAP VORTEX VX120;WAP VORTEX VX120;WAP VORTEX VX120 220V;;Ventiladores;84145120;7899831341153;;1;0;;CATALOGO ABERTO;Nacional;SEM CLASSIFICAÇÃO;ventilador - de teto
2024-10-07;FW011181;WAP VORTEX VX120;WAP VORTEX VX120;WAP VORTEX VX120 127V;;Ventiladores;84145120;7899831341146;;1;0;;CATALOGO ABERTO;Nacional;SEM CLASSIFICAÇÃO;ventilador - de teto
2024-10-14;FW011205;WAP VENTURI;WAP VENTURI;WAP VENTURI 220V;;Ventiladores;84145120;7899831341382;;1;0;;CATALOGO ABERTO;Nacional;SEM CLASSIFICAÇÃO;ventilador - de teto
2024-10-14;FW011204;WAP VENTURI;WAP VENTURI;WAP VENTURI 127V;;Ventiladores;84145120;7899831341375;;1;0;;CATALOGO ABERTO;Nacional;SEM CLASSIFICAÇÃO;ventilador - de teto
2022-08-16;FW009180;WAP AIR SILENCE;WAP AIR SILENCE;WAP VENTILADOR TORRE AIR SILENCE 220V;220V;Ventiladores;84145190;7899831311453;;1;4.7;9.75;CATALOGO ABERTO;Estrangeira;SDA - MOTORS & COMFORT;ventilador - de coluna
2022-08-16;FW009179;WAP AIR SILENCE;WAP AIR SILENCE;WAP VENTILADOR TORRE AIR SILENCE 127V;127V;Ventiladores;84145190;7899831311446;;1;4.7;9.75;CATALOGO ABERTO;Estrangeira;SDA - MOTORS & COMFORT;ventilador - de coluna
2022-06-14;FW008964;WAP ULTRA FORCE;WAP ULTRA FORCE;WAP ULTRA FORCE 220V;220V;Lavadoras;84243010;7899831310951;;1;5;0;CATALOGO ABERTO;Estrangeira;DIY;lavadora - ocasional
2022-06-14;FW008963;WAP ULTRA FORCE;WAP ULTRA FORCE;WAP ULTRA FORCE 127V;127V;Lavadoras;84243010;7899831310944;;1;5;0;CATALOGO ABERTO;Estrangeira;DIY;lavadora - ocasional
2025-01-20;FW011418;WAP TUPIA WF TE01;WAP TUPIA WF TE01;WAP TUPIA WF TE01 220V;;Ferramentas;84659290;7899831342839;;1;2.47;0;CATALOGO ABERTO;Estrangeira;SDA - COOKING & BEAUTY;ferramentas
2025-01-22;FW011419;WAP TUPIA WF TE01;WAP TUPIA WF TE01;WAP TUPIA WF TE01 127V;;Ferramentas;84659290;7899831342822;;1;2.47;0;CATALOGO ABERTO;Estrangeira;SDA - COOKING & BEAUTY;ferramentas
2022-05-09;FW008922;WAP TRENA LASER TLP 40;WAP TRENA LASER TLP 40;WAP TRENA LASER TLP 40;PILHA AAA;Ferramentas;90151000;7899831310784;;1;0.18;3.25;CATALOGO ABERTO;Estrangeira;DIY;ferramentas manuais
2023-06-07;FW009520;WAP TORRADEIRA PROSDOCIMO WTE1;WAP TORRADEIRA PROSDOCIMO WTE1;WAP TORRADEIRA ELÉTRICA PROSDOCIMO WTE1 220V;220V;Cozinha;85167200;7899831312658;;1;1.74;7.8;CATALOGO ABERTO;Estrangeira;SDA - COOKING & BEAUTY;cozinha
2023-06-07;FW009519;WAP TORRADEIRA PROSDOCIMO WTE1;WAP TORRADEIRA PROSDOCIMO WTE1;WAP TORRADEIRA ELÉTRICA PROSDOCIMO WTE1 127V;127V;Cozinha;85167200;7899831312641;;1;1.74;7.8;CATALOGO ABERTO;Estrangeira;SDA - COOKING & BEAUTY;cozinha
2019-07-03;FW006834;WAP TITAN AGROCONTINENTAL;WAP TITAN AGROCONTINENTAL;WAP TITAN 220V - 60Hz - EXC. AGROCONTINENTAL;220V;Lavadoras;84243010;7899831300747;;1;19;0;CATALOGO ABERTO;Nacional;DIY;lavadora - intensivo
2019-08-19;FW007088;WAP TITAN AGROCONTINENTAL;WAP TITAN AGROCONTINENTAL;WAP TITAN 127V - 60Hz - EXC. AGROCONTINENTAL;127V;Lavadoras;84243010;7899831300846;;1;19;0;CATALOGO ABERTO;Nacional;DIY;lavadora - intensivo
2023-05-26;FW009469;WAP SPOT CLEANER W3;WAP SPOT CLEANER W3;WAP SPOT CLEANER W3 220V;;Extratoras;84518000;7899831312481;;1;5.5;0;CATALOGO ABERTO;Estrangeira;SDA - MOTORS & COMFORT;extrator - portátil
2023-05-26;FW009468;WAP SPOT CLEANER W3;WAP SPOT CLEANER W3;WAP SPOT CLEANER W3 127V;;Extratoras;84518000;7899831312474;;1;5.5;0;CATALOGO ABERTO;Estrangeira;SDA - MOTORS & COMFORT;extrator - portátil
2022-09-09;FW009215;WAP SPOT CLEANER;WAP SPOT CLEANER;WAP SPOT CLEANER 220V;220V;Extratoras;84518000;7899831311552;;1;5.87;0;CATALOGO ABERTO;Estrangeira;SDA - MOTORS & COMFORT;extrator - portátil
2022-09-09;FW009214;WAP SPOT CLEANER;WAP SPOT CLEANER;WAP SPOT CLEANER 127V;127V;Extratoras;84518000;7899831311545;;1;5.87;0;CATALOGO ABERTO;Estrangeira;SDA - MOTORS & COMFORT;extrator - portátil
2019-12-20;FW007494;WAP SOPRADOR TERMICO EST1900;WAP SOPRADOR TERMICO EST1900;WAP SOPRADOR TERMICO WAP EST1900 220V;220V;Ferramentas;84672999;7899831301263;;1;0.9;5.2;CATALOGO ABERTO;Estrangeira;DIY;ferramenta - pintura/soprador
2019-12-20;FW007493;WAP SOPRADOR TERMICO EST1900;WAP SOPRADOR TERMICO EST1900;WAP SOPRADOR TERMICO WAP EST1900 127V;127V;Ferramentas;84672999;7899831301256;;1;0.9;5.2;CATALOGO ABERTO;Estrangeira;DIY;ferramenta - pintura/soprador
2022-02-21;FW008799;WAP SOPRADOR TERMICO EST2000;WAP SOPRADOR TERMICO EST2000;WAP SOPRADOR TERMICO EST2000 220V;220V;Ferramentas;84672999;7899831310296;;1;0.9;5.2;CATALOGO ABERTO;Estrangeira;DIY;ferramenta - pintura/soprador
2022-02-21;FW008798;WAP SOPRADOR TERMICO EST2000;WAP SOPRADOR TERMICO EST2000;WAP SOPRADOR TERMICO EST2000 127V;127V;Ferramentas;84672999;7899831310289;;1;0.9;5.2;CATALOGO ABERTO;Estrangeira;DIY;ferramenta - pintura/soprador
2025-02-05;FW011409;WAP SOPRADOR DE FOLHAS WG SF02E;WAP SOPRADOR DE FOLHAS WG SF02E;WAP SOPRADOR DE FOLHAS WG SF02E 220V;;Jardinagem;84672999;7899831342631;;1;2.47;0;CATALOGO ABERTO;Estrangeira;DIY;jardinagem elétrica
2025-02-05;FW011408;WAP SOPRADOR DE FOLHAS WG SF02E;WAP SOPRADOR DE FOLHAS WG SF02E;WAP SOPRADOR DE FOLHAS WG SF02E 127V;;Jardinagem;84672999;7899831342624;;1;2.47;0;CATALOGO ABERTO;Estrangeira;DIY;jardinagem elétrica
2017-06-22;FW005735;WAP GTW 55;WAP GTW 55;WAP SOPRADOR / ASPIRADOR GTW 55 3X1 220V 50/60 HZ;220V;Aspiradores;84145990;7898152181370;;1;8;0;CATALOGO ABERTO;Estrangeira;SDA - MOTORS & COMFORT;aspirador - barril
2017-06-22;FW005734;WAP GTW 55;WAP GTW 55;WAP SOPRADOR / ASPIRADOR GTW 55 3X1 127V 50/60 HZ;127V;Aspiradores;84145990;7898152181363;;1;8;0;CATALOGO ABERTO;Estrangeira;SDA - MOTORS & COMFORT;aspirador - barril
2022-07-21;FW009109;WAP SILENT SPEED MAX;WAP SILENT SPEED MAX;WAP SILENT SPEED MAX 220V;220V;Aspiradores;85081100;7899831311408;;1;2.5;6.5;CATALOGO ABERTO;Estrangeira;SDA - MOTORS & COMFORT;aspirador - vertical
2022-07-21;FW009108;WAP SILENT SPEED MAX;WAP SILENT SPEED MAX;WAP SILENT SPEED MAX 127V;127V;Aspiradores;85081100;7899831311392;;1;2.5;6.5;CATALOGO ABERTO;Estrangeira;SDA - MOTORS & COMFORT;aspirador - vertical
2024-07-18;FW010690;WAP SERRA TICO TICO STT02;WAP SERRA TICO TICO STT02;WAP SERRA TICO TICO WF STT02 220V;;Ferramentas;84672200;7899831338030;;1;0;5.2;CATALOGO ABERTO;Estrangeira;DIY;ferramenta - serra/lixa/desbas
2024-07-18;FW010689;WAP SERRA TICO TICO WF STT02;WAP SERRA TICO TICO WF STT02;WAP SERRA TICO TICO WF STT02 127V;;Ferramentas;84672200;7899831338023;;1;0;5.2;CATALOGO ABERTO;Estrangeira;DIY;ferramenta - serra/lixa/desbas
2024-07-18;FW010686;WAP SERRA TICO TICO WF STT01;WAP SERRA TICO TICO WF STT01;WAP SERRA TICO TICO WF STT01 220V;;Ferramentas;84672200;7899831338016;;1;0;5.2;CATALOGO ABERTO;Estrangeira;DIY;ferramenta - serra/lixa/desbas
2024-07-18;FW010685;WAP SERRA TICO TICO WF STT01;WAP SERRA TICO TICO WF STT01;WAP SERRA TICO TICO WF STT01 127V;;Ferramentas;84672200;7899831338009;;1;0;5.2;CATALOGO ABERTO;Estrangeira;DIY;ferramenta - serra/lixa/desbas
2022-03-07;FW008808;WAP SERRA TICO TICO ESTT 800;WAP SERRA TICO TICO ESTT 800;WAP SERRA TICO TICO ESTT 800 220V;220V;Ferramentas;84672200;7899831310333;;1;2.25;5.2;CATALOGO ABERTO;Estrangeira;DIY;ferramenta - serra/lixa/desbas
2022-03-07;FW008807;WAP SERRA TICO TICO ESTT 800;WAP SERRA TICO TICO ESTT 800;WAP SERRA TICO TICO ESTT 800 127V;127V;Ferramentas;84672200;7899831310326;;1;2.25;5.2;CATALOGO ABERTO;Estrangeira;DIY;ferramenta - serra/lixa/desbas
2022-09-30;FW009224;WAP SERRA TICO TICO ESTT 550;WAP SERRA TICO TICO ESTT 550;WAP SERRA TICO TICO ESTT 550 220V;220V;Ferramentas;84672200;7899831311668;;1;1.75;5.2;CATALOGO ABERTO;Estrangeira;DIY;ferramenta - serra/lixa/desbas
2022-09-30;FW009223;WAP SERRA TICO TICO ESTT 550;WAP SERRA TICO TICO ESTT 550;WAP SERRA TICO TICO ESTT 550 127V;127V;Ferramentas;84672200;7899831311651;;1;1.75;5.2;CATALOGO ABERTO;Estrangeira;DIY;ferramenta - serra/lixa/desbas
2024-07-18;FW010682;WAP SERRA SABRE WF SA01;WAP SERRA SABRE WF SA01;WAP SERRA SABRE WF SA01 220V;;Ferramentas;84672200;7899831337996;;1;2;5.2;CATALOGO ABERTO;Estrangeira;DIY;ferramenta - paraf/furad/mart
2024-07-18;FW010681;WAP SERRA SABRE WF SA01;WAP SERRA SABRE WF SA01;WAP SERRA SABRE WF SA01 127V;;Ferramentas;84672200;7899831337989;;1;2;5.2;CATALOGO ABERTO;Estrangeira;DIY;ferramenta - paraf/furad/mart
2024-09-03;FW010919;WAP SERRA POLICORTE WF SP02;WAP SERRA POLICORTE WF SP02;WAP SERRA POLICORTE WF SP02 220V;;Ferramentas;84615020;7899831339679;;1;11.5;;CATALOGO ABERTO;Estrangeira;SEM CLASSIFICAÇÃO;ferramenta - serra/lixa/desbas
2024-09-03;FW010918;WAP SERRA POLICORTE WF SP02;WAP SERRA POLICORTE WF SP02;WAP SERRA POLICORTE WF SP02 127V;;Ferramentas;84615020;7899831339662;;1;5;;CATALOGO ABERTO;Estrangeira;SEM CLASSIFICAÇÃO;ferramenta - serra/lixa/desbas
2023-11-24;FW010127;WAP SERRA POLICORTE WF SP01;WAP SERRA POLICORTE WF SP01;WAP SERRA POLICORTE WF SP01 220V;220V;Ferramentas;84615020;7899831331864;;1;11.5;0;CATALOGO ABERTO;Estrangeira;DIY;ferramenta - serra/lixa/desbas
2023-11-24;FW010126;WAP SERRA POLICORTE WF SP01;WAP SERRA POLICORTE WF SP01;WAP SERRA POLICORTE WF SP01 127V;127V;Ferramentas;84615020;7899831331857;;1;5;0;CATALOGO ABERTO;Estrangeira;DIY;ferramenta - serra/lixa/desbas
2015-03-13;926702100;WAP SERRA MARMORE ESM1400;WAP SERRA MARMORE ESM1400;WAP SERRA MARMORE WAP ESM1400 220V;220V;Ferramentas;84672200;7898152180465;;1;5;;CATALOGO ABERTO;Estrangeira;SEM CLASSIFICAÇÃO;ferramenta - serra/lixa/desbas
2019-12-20;FW007490;WAP SERRA MARMORE ESM1300;WAP SERRA MARMORE ESM1300;WAP SERRA MARMORE WAP ESM1300 220V;220V;Ferramentas;84672200;7899831301249;;1;2.9;5.2;CATALOGO ABERTO;Estrangeira;DIY;ferramenta - serra/lixa/desbas
2019-12-20;FW007489;WAP SERRA MARMORE ESM1300;WAP SERRA MARMORE ESM1300;WAP SERRA MARMORE WAP ESM1300 127V;127V;Ferramentas;84672200;7899831301232;;1;2.9;5.2;CATALOGO ABERTO;Estrangeira;DIY;ferramenta - serra/lixa/desbas
2020-11-24;FW008193;WAP SERRA CIRCULAR ESC1500;WAP SERRA CIRCULAR ESC1500;WAP SERRA CIRCULAR WAP ESC1500 220V;220V;Ferramentas;84672200;7899831306022;;1;4.5;5.2;CATALOGO ABERTO;Estrangeira;DIY;ferramenta - serra/lixa/desbas
2020-11-24;FW008192;WAP SERRA CIRCULAR ESC1500;WAP SERRA CIRCULAR ESC1500;WAP SERRA CIRCULAR WAP ESC1500 127V;127V;Ferramentas;84672200;7899831306015;;1;4.5;5.2;CATALOGO ABERTO;Estrangeira;DIY;ferramenta - serra/lixa/desbas
2023-06-30;FW009592;WAP ROBOT W96;WAP ROBOT W96;WAP ROBOT W96;;Aspiradores Robos;85081100;7899831312931;;1;1.8;6.5;EXCLUSIVO;Estrangeira;TECH;aspirador - robo
2023-06-02;FW009470;WAP ROBOT W95;WAP ROBOT W95;WAP ROBOT W95;BATERIA;Aspiradores Robos;85081100;7899831312498;;1;1.8;6.5;EXCLUSIVO;Estrangeira;TECH;aspirador - robo
2024-01-15;FW010260;WAP ROBOT W90 PÉROLA;WAP ROBOT W90 PÉROLA;WAP ROBOT W90 PÉROLA;;Aspiradores Robos;85081100;7899831334339;;1;0;6.5;EXCLUSIVO;Estrangeira;TECH;aspirador - robo
2022-06-29;FW009026;WAP ROBOT W90;WAP ROBOT W90;WAP ROBOT W90;BIVOLT;Aspiradores Robos;85081100;7899831310982;;1;1.8;6.5;CATALOGO ABERTO;Estrangeira;TECH;aspirador - robo
2024-04-26;FW010505;WAP ROBOT W500 POLICLEANER;WAP ROBOT W500 POLICLEANER;WAP ROBOT W500 POLICLEANER;;Eletroportáteis;84642010;7899831336739;;1;1.16;0;CATALOGO ABERTO;Estrangeira;TECH;polidoras
2023-06-29;FW009590;WAP ROBOT W4000 SELF-CLEANING;WAP ROBOT W4000 SELF-CLEANING;WAP ROBOT W4000 SELF-CLEANING 220V;220V;Aspiradores Robos;85081100;7899831332670;;1;10.32;6.5;CATALOGO ABERTO;Estrangeira;TECH;aspirador - robo
2023-06-19;FW009560;WAP ROBOT W4000 SELF-CLEANING;WAP ROBOT W4000 SELF-CLEANING;WAP ROBOT W4000 SELF-CLEANING 127V;127V;Aspiradores Robos;85081100;7899831332656;;1;10.32;6.5;CATALOGO ABERTO;Estrangeira;TECH;aspirador - robo
2022-11-03;FW009251;WAP ROBOT W400;WAP ROBOT W400;WAP ROBOT W400;BATERIA;Aspiradores Robos;85081100;7899831312047;;1;3.8;6.5;EXCLUSIVO;Estrangeira;TECH;aspirador - robo
2024-10-24;FW011250;WAP ROBOT W310;WAP ROBOT W310;WAP ROBOT W310;;Aspiradores Robos;85081100;7899831341580;;1;3;6.5;CATALOGO ABERTO;Estrangeira;TECH;aspirador - robo
2023-06-19;FW009557;WAP ROBOT W3000;WAP ROBOT W3000;WAP ROBOT W3000;BATERIA;Aspiradores Robos;85081100;7899831332632;;1;5.89;6.5;CATALOGO ABERTO;Estrangeira;TECH;aspirador - robo
2018-07-23;FW006247;WAP ROBOT W300;WAP ROBOT W300;WAP ROBOT W300;BATERIA;Aspiradores Robos;85081100;7898152185552;;1;3.5;6.5;CATALOGO ABERTO;Estrangeira;TECH;aspirador - robo
2021-08-23;FW008615;WAP ROBOT W100C;WAP ROBOT W100C;WAP ROBOT W100C;BATERIA;Aspiradores Robos;85081100;7899831309412;;1;2.6;6.5;EXCLUSIVO;Estrangeira;TECH;aspirador - robo
2023-12-18;FW010142;WAP ROBOT W1000;WAP ROBOT W1000;WAP ROBOT W1000;;Aspiradores Robos;85081100;7899831332618;7899831332618;1;3;6.5;CATALOGO ABERTO;Estrangeira;TECH;aspirador - robo
2019-11-26;FW007429;WAP ROBOT W100;WAP ROBOT W100;WAP ROBOT W100;BATERIA;Aspiradores Robos;85081100;7899831301072;;1;2.6;6.5;CATALOGO ABERTO;Estrangeira;TECH;aspirador - robo
2019-04-29;FW006661;WAP RAJADA PRO 60 PAREDE;WAP RAJADA PRO 60 PAREDE;WAP RAJADA PRO 60 BIVOLT - DE PAREDE;BIVOLT;Ventiladores;84145990;7899831300563;;1;4.9;0;CATALOGO ABERTO;Nacional;SDA - MOTORS & COMFORT;ventilador - de parede
2019-04-29;FW006662;WAP RAJADA PRO 60 COLUNA;WAP RAJADA PRO 60 COLUNA;WAP RAJADA PRO 60 BIVOLT - DE COLUNA;BIVOLT;Ventiladores;84145990;7899831300570;;1;9.6;0;CATALOGO ABERTO;Nacional;SDA - MOTORS & COMFORT;ventilador - de coluna
2021-09-09;FW008636;WAP PULVERIZADOR MANUAL 5L GPM5L01;WAP PULVERIZADOR MANUAL 5L GPM5L01;WAP PULVERIZADOR MANUAL 5L GPM5L01;;Jardinagem;84244100;7899831309672;;1;1.2;0;CATALOGO ABERTO;Estrangeira;DIY;garden manual - pulverização
2022-07-14;FW008635U;WAP PULVERIZADOR 2L GPM2L01;WAP PULVERIZADOR 2L GPM2L01;WAP PULVERIZADOR MANUAL 2L GPM2L01 - UN;;Jardinagem;84244100;7899831311163;;1;0.42;0;CATALOGO ABERTO;Estrangeira;DIY;garden manual - pulverização
2021-09-09;FW008635;WAP PULVERIZADOR 2L GPM2L01;WAP PULVERIZADOR 2L GPM2L01;WAP PULVERIZADOR MANUAL 2L GPM2L01;;Jardinagem;84244100;7899831309689;;1;0.42;0;CATALOGO ABERTO;Estrangeira;DIY;garden manual - pulverização
2007-01-31;31020022;WAP PREMIUM;WAP PREMIUM;WAP PREMIUM 2600 220V;220V;Lavadoras;84243010;7898152182889;;1;18;0;CATALOGO ABERTO;Estrangeira;DIY;lavadora - semi intensivo
2007-01-31;31020011;WAP PREMIUM;WAP PREMIUM;WAP PREMIUM 2600 127V;127V;Lavadoras;84243010;7898152182872;;1;18;0;CATALOGO ABERTO;Estrangeira;DIY;lavadora - semi intensivo
2014-05-16;FW004197;WAP PREMIER;WAP PREMIER;WAP PREMIER 2600 220V;220V;Lavadoras;84243010;7898152188928;;1;8.9;0;CATALOGO ABERTO;Estrangeira;DIY;lavadora - ocasional
2014-05-16;FW004196;WAP PREMIER;WAP PREMIER;WAP PREMIER 2600 127V;127V;Lavadoras;84243010;7898152188911;;1;8.9;0;CATALOGO ABERTO;Estrangeira;DIY;lavadora - ocasional
2018-01-10;FW006008;WAP POWER SPEED;WAP POWER SPEED;WAP POWER SPEED 220V~ 60HZ;220V;Aspiradores;85081900;7898152186832;;1;8.75;6.5;CATALOGO ABERTO;Estrangeira;SDA - MOTORS & COMFORT;aspirador - vertical
2018-01-10;FW006007;WAP POWER SPEED;WAP POWER SPEED;WAP POWER SPEED 127V~ 60HZ;127V;Aspiradores;85081900;7898152186825;;1;8.75;6.5;CATALOGO ABERTO;Estrangeira;SDA - MOTORS & COMFORT;aspirador - vertical
2024-07-19;FW010718;WAP POLITRIZ ROTATIVA WF PR01;WAP POLITRIZ ROTATIVA WF PR01;WAP POLITRIZ ROTATIVA WF PR01 220V;;Ferramentas;84672999;7899831338177;;1;1.8;0;CATALOGO ABERTO;Estrangeira;DIY;ferramenta - serra/lixa/desbas
2024-07-19;FW010717;WAP POLITRIZ ROTATIVA WF PR01;WAP POLITRIZ ROTATIVA WF PR01;WAP POLITRIZ ROTATIVA WF PR01 127V;;Ferramentas;84672999;7899831338160;;1;1.8;0;CATALOGO ABERTO;Estrangeira;DIY;ferramenta - serra/lixa/desbas
2023-11-21;FW010109;WAP PLAINA ELÉTRICA WF PE01;WAP PLAINA ELÉTRICA WF PE01;WAP PLAINA ELÉTRICA WF PE01 220V;220V;Ferramentas;84672999;7899831331727;;1;1.4;5.2;CATALOGO ABERTO;Estrangeira;DIY;ferramenta - serra/lixa/desbas
2023-11-21;FW010106;WAP PLAINA ELÉTRICA WF PE01;WAP PLAINA ELÉTRICA WF PE01;WAP PLAINA ELÉTRICA WF PE01 127V;127V;Ferramentas;84672999;7899831331710;;1;1.4;5.2;CATALOGO ABERTO;Estrangeira;DIY;ferramenta - serra/lixa/desbas
2015-03-17;926902000;WAP PISTOLA DE PINTURA EPP400;WAP PISTOLA DE PINTURA EPP400;WAP PISTOLA DE PINTURA WAP EPP400 220V;220V;Ferramentas;84242000;7898152180571;;1;1.8;3.25;CATALOGO ABERTO;Estrangeira;DIY;ferramenta - pintura/soprador
2015-03-17;926901000;WAP PISTOLA DE PINTURA EPP400;WAP PISTOLA DE PINTURA EPP400;WAP PISTOLA DE PINTURA WAP EPP400 127V;127V;Ferramentas;84242000;7898152180588;;1;1.6;3.25;CATALOGO ABERTO;Estrangeira;DIY;ferramenta - pintura/soprador
2023-07-19;FW009638;WAP PARAF. FURAD. WF 700K10;WAP PARAF. FURAD. WF 700K10;"WAP PARAFUSADEIRA E FURADEIRA DE IMPACTO 3/8"" WF 700K10 220V";220V;Ferramentas;84672992;7899831313129;;1;2.7;5.2;CATALOGO ABERTO;Estrangeira;DIY;ferramenta - paraf/furad/mart
2023-07-19;FW009637;WAP PARAF. FURAD. WF 700K10;WAP PARAF. FURAD. WF 700K10;"WAP PARAFUSADEIRA E FURADEIRA DE IMPACTO 3/8"" WF 700K10 127V";127V;Ferramentas;84672992;7899831313112;;1;2.7;5.2;CATALOGO ABERTO;Estrangeira;DIY;ferramenta - paraf/furad/mart
2023-11-14;FW010097;WAP PARAF. FURAD. WF 700FE;WAP PARAF. FURAD. WF 700FE;"WAP PARAFUSADEIRA E FURADEIRA DE IMPACTO 3/8"" WF 700FE 220V";;Ferramentas;84672992;7899831331109;;1;2.7;5.2;CATALOGO ABERTO;Estrangeira;DIY;ferramenta - paraf/furad/mart
2023-11-14;FW010096;WAP PARAF. FURAD. WF 700FE;WAP PARAF. FURAD. WF 700FE;"WAP PARAFUSADEIRA E FURADEIRA DE IMPACTO 3/8"" WF 700FE 127V";;Ferramentas;84672992;7899831331093;;1;2.7;5.2;CATALOGO ABERTO;Estrangeira;DIY;ferramenta - paraf/furad/mart
2023-10-30;FW009488W;WAP PARAFUSADEIRA 3/8'' K21 ID02;WAP PARAFUSADEIRA 3/8'' K21 ID02;"WAP PARAFUSADEIRA E FURADEIRA DE IMPACTO 3/8"" K21 ID02";;Ferramentas;84672992;7899831312405;;1;2.5;5.2;EXCLUSIVO;Estrangeira;DIY;ferramenta - paraf/furad/mart
2023-06-02;FW009488;WAP PARAFUSADEIRA 3/8'' K21 ID02;WAP PARAFUSADEIRA 3/8'' K21 ID02;"WAP PARAFUSADEIRA E FURADEIRA DE IMPACTO 3/8"" K21 ID02";;Ferramentas;84672992;7899831331895;;1;2.5;5.2;EXCLUSIVO;Estrangeira;DIY;ferramenta - paraf/furad/mart
2023-05-26;FW009461;"WAP PARAFUSADEIRA 3/8"" K21 ID01";"WAP PARAFUSADEIRA 3/8"" K21 ID01";"WAP PARAFUSADEIRA E FURADEIRA DE IMPACTO 3/8"" K21 ID01";;Ferramentas;84672992;7899831312634;;1;2.5;5.2;CATALOGO ABERTO;Estrangeira;DIY;ferramenta - paraf/furad/mart
2022-05-09;FW008914;WAP PARAFUSADEIRA 12V BPF 12K4;WAP PARAFUSADEIRA 12V BPF 12K4;WAP PARAFUSADEIRA E FURADEIRA COM IMPACTO WAP BPFI 12K4;12v;Ferramentas;84672992;7899831310685;;1;1.8;5.2;CATALOGO ABERTO;Estrangeira;DIY;ferramenta - paraf/furad/mart
2021-11-26;FW008649;WAP PARAFUSADEIRA 12V BPF 12K3;WAP PARAFUSADEIRA 12V BPF 12K3;WAP PARAFUSADEIRA E FURADEIRA 12V WAP BPF 12K3;12v;Ferramentas;84672992;7899831309771;;1;1.6;5.2;CATALOGO ABERTO;Estrangeira;DIY;ferramenta - paraf/furad/mart
2023-03-24;FW009424;WAP PARAF E FURAD.12V BPF 12K3 BLACK;WAP PARAF E FURAD.12V BPF 12K3 BLACK;WAP PARAFUSADEIRA E FURADEIRA 12V BPF 12K3 BLACK;12v;Ferramentas;84672992;7899831312214;;1;1.6;5.2;EXCLUSIVO;Estrangeira;DIY;ferramenta - paraf/furad/mart
2023-05-26;FW009462;WAP PARAFUSADEIRA 1/2'' K21 ID03;WAP PARAFUSADEIRA 1/2'' K21 ID03;WAP PARAFUSADEIRA E FURADEIRA 1/2'' K21 ID03;;Ferramentas;84672992;7899831312412;;1;2.3;5.2;CATALOGO ABERTO;Estrangeira;DIY;ferramenta - paraf/furad/mart
2024-06-14;FW010592;WAP PARAF E FURA DE IMPACT WF 12K4.2;WAP PARAF E FURA DE IMPACT WF 12K4.2;WAP PARAF. E FURAD. DE IMPACTO 12V WF 12K4.2;;Ferramentas;84672992;7899831338788;;1;1.95;5.2;CATALOGO ABERTO;Estrangeira;DIY;ferramenta - paraf/furad/mart
2024-06-14;FW010590;WAP PARAF. E FURAD. 12V WF 12K3.2;WAP PARAF. E FURAD. 12V WF 12K3.2;WAP PARAF. E FURAD. 12V WF 12K3.2;;Ferramentas;84672992;7899831338634;;1;1.6;5.2;CATALOGO ABERTO;Estrangeira;DIY;ferramenta - paraf/furad/mart
2024-07-19;FW010698;WAP PARAF. FURAD. WF 700K10 W2;WAP PARAF. FURAD. WF 700K10 W2;"WAP PARAF E FURAD DE IMPACTO 3/8"" WF 700K10 W2 220V";;Ferramentas;84672992;7899831338078;;1;2.7;5.2;CATALOGO ABERTO;Estrangeira;DIY;ferramenta - paraf/furad/mart
2024-07-19;FW010697;WAP PARAF. FURAD.DE IMP WF 700K10 W2;WAP PARAF. FURAD.DE IMP WF 700K10 W2;"WAP PARAF E FURAD DE IMPACTO 3/8"" WF 700K10 W2 127V";;Ferramentas;84672992;7899831338061;;1;2.7;5.2;CATALOGO ABERTO;Estrangeira;DIY;ferramenta - paraf/furad/mart
2024-07-18;FW010694;WAP PARAF. FURAD. DE IMP WF 700FE W2;WAP PARAF. FURAD. DE IMP WF 700FE W2;"WAP PARAF E FURAD DE IMPACTO 3/8"" WF 700FE W2 220V";;Ferramentas;84672992;7899831338054;;1;2.7;5.2;CATALOGO ABERTO;Estrangeira;DIY;ferramenta - paraf/furad/mart
2024-07-18;FW010693;WAP PARAF. FURAD. DE IMP WF 700FE W2;WAP PARAF. FURAD. DE IMP WF 700FE W2;"WAP PARAF E FURAD DE IMPACTO 3/8"" WF 700FE W2 127V";;Ferramentas;84672992;7899831338047;;1;2.7;5.2;CATALOGO ABERTO;Estrangeira;DIY;ferramenta - paraf/furad/mart
2024-07-19;FW010706;WAP PARAF. FURAD. WF 700K13;WAP PARAF. FURAD. WF 700K13;"WAP PARAF E FURAD DE IMPACTO 1/2"" WF 700K13 220V";;Ferramentas;84672992;7899831338115;;1;2.7;5.2;CATALOGO ABERTO;Estrangeira;DIY;ferramenta - paraf/furad/mart
2024-07-19;FW010705;WAP PARAF. FURAD. WF 700K13;WAP PARAF. FURAD. WF 700K13;"WAP PARAF E FURAD DE IMPACTO 1/2"" WF 700K13 127V";;Ferramentas;84672992;7899831338108;;1;2.7;5.2;CATALOGO ABERTO;Estrangeira;DIY;ferramenta - paraf/furad/mart
2024-07-19;FW010702;WAP PARAF. FURAD. WF 700 FE13;WAP PARAF. FURAD. WF 700 FE13;"WAP PARAF E FURAD DE IMPACTO 1/2"" WF 700 FE13 220V";;Ferramentas;84672992;7899831338092;;1;2.7;5.2;CATALOGO ABERTO;Estrangeira;DIY;ferramenta - paraf/furad/mart
2024-07-19;FW010701;WAP PARAF. FURAD. WF 700 FE13;WAP PARAF. FURAD. WF 700 FE13;"WAP PARAF E FURAD DE IMPACTO 1/2"" WF 700 FE13 127V";;Ferramentas;84672992;7899831338085;;1;2.7;5.2;CATALOGO ABERTO;Estrangeira;DIY;ferramenta - paraf/furad/mart
2024-07-19;FW010710;WAP PARAF. FURAD. WF 1000FE;WAP PARAF. FURAD. WF 1000FE;"WAP PARAF E FURAD DE IMPACTO 1/2"" WF 1000FE 220V";;Ferramentas;84672992;7899831338139;;1;2.7;5.2;CATALOGO ABERTO;Estrangeira;DIY;ferramenta - paraf/furad/mart
2024-07-19;FW010709;WAP PARAF. FURAD. WF 1000FE;WAP PARAF. FURAD. WF 1000FE;"WAP PARAF E FURAD DE IMPACTO 1/2"" WF 1000FE 127V";;Ferramentas;84672992;7899831338122;;1;2.7;5.2;CATALOGO ABERTO;Estrangeira;DIY;ferramenta - paraf/furad/mart
2025-07-10;FW012309;WAP PANELA DE PRESS PROSDOCIMO WPPE3;WAP PANELA DE PRESS PROSDOCIMO WPPE3;WAP PANELA PRESSÃO ELÉTRICA PROSDÓCIMO WPPE3 220V;;Cozinha;85167910;7899831344314;;1;5.79;7.8;CATALOGO ABERTO;Estrangeira;SDA - COOKING & BEAUTY;cozinha
2025-07-10;FW012308;WAP PANELA DE PRESS PROSDOCIMO WPPE3;WAP PANELA DE PRESS PROSDOCIMO WPPE3;WAP PANELA PRESSÃO ELÉTRICA PROSDÓCIMO WPPE3 127V;;Cozinha;85167910;7899831344307;;1;5.79;7.8;CATALOGO ABERTO;Estrangeira;SDA - COOKING & BEAUTY;cozinha
2023-06-07;FW009528;WAP PANELA PRESSÃO PROSDOCIMO WPPE1;WAP PANELA PRESSÃO PROSDOCIMO WPPE1;WAP PANELA PRESSÃO ELÉTRICA PROSDOCIMO WPPE1 220V;220V;Cozinha;85167910;7899831312696;;1;5.79;7.8;CATALOGO ABERTO;Estrangeira;SDA - COOKING & BEAUTY;cozinha
2023-06-07;FW009527;WAP PANELA PRESSÃO PROSDOCIMO WPPE1;WAP PANELA PRESSÃO PROSDOCIMO WPPE1;WAP PANELA PRESSÃO ELÉTRICA PROSDOCIMO WPPE1 127V;127V;Cozinha;85167910;7899831312689;;1;5.79;7.8;CATALOGO ABERTO;Estrangeira;SDA - COOKING & BEAUTY;cozinha
2024-01-31;FW010157;WAP PANELA PRESSÃO 5L WPPE2;WAP PANELA PRESSÃO 5L WPPE2;WAP PANELA PRESSÃO 5L PROSDÓCIMO WPPE2 220V;220V;Cozinha;85167910;7899831332878;;1;5;7.8;CATALOGO ABERTO;Estrangeira;SDA - COOKING & BEAUTY;cozinha
2023-12-20;FW010156;WAP PANELA PRESSÃO 5L WPPE2;WAP PANELA PRESSÃO 5L WPPE2;WAP PANELA PRESSÃO 5L PROSDÓCIMO WPPE2 127V;;Cozinha;85167910;7899831332861;;1;5.79;7.8;CATALOGO ABERTO;Estrangeira;SDA - COOKING & BEAUTY;cozinha
2024-11-21;FW011383;WAP PANELA DE PRESSÃO TOUCH WPPE6;WAP PANELA DE PRESSÃO TOUCH WPPE6;WAP PANELA DE PRESSÃO TOUCH WPPE6 220V;;Cozinha;85167910;7899831342181;;1;5.79;7.8;CATALOGO ABERTO;Estrangeira;SDA - COOKING & BEAUTY;cozinha
2024-11-21;FW011382;WAP PANELA DE PRESSÃO TOUCH WPPE6;WAP PANELA DE PRESSÃO TOUCH WPPE6;WAP PANELA DE PRESSÃO TOUCH WPPE6 127V;;Cozinha;85167910;7899831342174;;1;5.79;7.8;CATALOGO ABERTO;Estrangeira;SDA - COOKING & BEAUTY;cozinha
2024-03-15;FW010356;WAP PANELA DE ARROZ ELÉTRICA WRC1000;WAP PANELA DE ARROZ ELÉTRICA WRC1000;WAP PANELA DE ARROZ ELÉTRICA 1L PROSDÓCIMO WRC1000 220V;;Cozinha;85167910;7899831335527;;1;5;7.8;CATALOGO ABERTO;Estrangeira;SDA - COOKING & BEAUTY;cozinha
2024-03-15;FW010355;WAP PANELA DE ARROZ ELÉTRICA WRC1000;WAP PANELA DE ARROZ ELÉTRICA WRC1000;WAP PANELA DE ARROZ ELÉTRICA 1L PROSDÓCIMO WRC1000 127V;;Cozinha;85167910;7899831335510;;1;5.79;7.8;CATALOGO ABERTO;Estrangeira;SDA - COOKING & BEAUTY;cozinha
2023-06-02;FW009478;WAP OUSADA WL 2610 ULTRA;WAP OUSADA WL 2610 ULTRA;WAP OUSADA WL 2610 ULTRA 220V;220V;Lavadoras;84243010;7899831312573;;1;7.5;0;CATALOGO ABERTO;Estrangeira;DIY;lavadora - ocasional
2023-06-02;FW009477;WAP OUSADA WL 2610 ULTRA;WAP OUSADA WL 2610 ULTRA;WAP OUSADA WL 2610 ULTRA 127V;127V;Lavadoras;84243010;7899831312566;;1;7.5;0;CATALOGO ABERTO;Estrangeira;DIY;lavadora - ocasional
2023-06-02;FW009474;WAP OUSADA WL 2610;WAP OUSADA WL 2610;WAP OUSADA WL 2610 220V;220V;Lavadoras;84243010;7899831312559;;1;7.5;0;CATALOGO ABERTO;Estrangeira;DIY;lavadora - ocasional
2023-06-02;FW009473;WAP OUSADA WL 2610;WAP OUSADA WL 2610;WAP OUSADA WL 2610 127V;127V;Lavadoras;84243010;7899831312542;;1;7.5;0;CATALOGO ABERTO;Estrangeira;DIY;lavadora - ocasional
2023-05-25;FW009458;WAP OUSADA WL 2600 ULTRA;WAP OUSADA WL 2600 ULTRA;WAP OUSADA WL 2600 ULTRA 220V;220V;Lavadoras;84243010;7899831312375;;1;7.5;0;EXCLUSIVO;Estrangeira;DIY;lavadora - ocasional
2023-05-25;FW009457;WAP OUSADA WL 2600 ULTRA;WAP OUSADA WL 2600 ULTRA;WAP OUSADA WL 2600 ULTRA 127V;127V;Lavadoras;84243010;7899831312368;;1;7.5;0;EXCLUSIVO;Estrangeira;DIY;lavadora - ocasional
2023-05-25;FW009456;WAP OUSADA WL 2600;WAP OUSADA WL 2600;WAP OUSADA WL 2600 220V;220V;Lavadoras;84243010;7899831312351;;1;7.5;0;EXCLUSIVO;Estrangeira;DIY;lavadora - ocasional
2023-05-25;FW009455;WAP OUSADA WL 2600;WAP OUSADA WL 2600;WAP OUSADA WL 2600 127V;127V;Lavadoras;84243010;7899831312344;;1;7.5;0;EXCLUSIVO;Estrangeira;DIY;lavadora - ocasional
2016-02-03;FW005357;WAP OUSADA;WAP OUSADA;WAP OUSADA PLUS 2200 220V;220V;Lavadoras;84243010;7898152180625;;1;6.5;0;CATALOGO ABERTO;Estrangeira;DIY;lavadora - ocasional
2016-02-03;FW005356;WAP OUSADA;WAP OUSADA;WAP OUSADA PLUS 2200 127V;127V;Lavadoras;84243010;7898152180618;;1;6.5;0;CATALOGO ABERTO;Estrangeira;DIY;lavadora - ocasional
2018-07-16;FW006238;WAP OUSADA BLACK;WAP OUSADA BLACK;WAP OUSADA BLACK 2200 220V;220V;Lavadoras;84243010;7898152188287;;1;6.5;0;EXCLUSIVO;Estrangeira;DIY;lavadora - ocasional
2018-07-16;FW006237;WAP OUSADA BLACK;WAP OUSADA BLACK;WAP OUSADA BLACK 2200 127V;127V;Lavadoras;84243010;7898152188270;;1;6.5;0;EXCLUSIVO;Estrangeira;DIY;lavadora - ocasional
2021-05-11;FW008458;WAP NEW ECO WASH;WAP NEW ECO WASH;WAP NEW ECO WASH 2200 220V~ 60Hz;220V;Lavadoras;84243010;7899831308392;;1;7;0;EXCLUSIVO;Estrangeira;DIY;lavadora - ocasional
2021-05-11;FW008457;WAP NEW ECO WASH;WAP NEW ECO WASH;WAP NEW ECO WASH 2200 127V~ 60Hz;127V;Lavadoras;84243010;7899831308385;;1;7;0;EXCLUSIVO;Estrangeira;DIY;lavadora - ocasional
2022-06-14;FW008967;WAP MULTI FLOOR;WAP MULTI FLOOR;WAP MULTI FLOOR;BATERIA;Extratoras;84642029;7899831310968;;1;6.3;0;EXCLUSIVO;Estrangeira;SDA - MOTORS & COMFORT;extratora - sem fio
2023-06-02;FW009485;WAP MOTOSSERRA SABRE 6 K21 S02;WAP MOTOSSERRA SABRE 6 K21 S02;WAP MOTOSSERRA SABRE 6 K21 S02;;Ferramentas;84672200;7899831312627;;1;2;5.2;EXCLUSIVO;Estrangeira;DIY;ferramenta - paraf/furad/mart
2023-05-26;FW009464;WAP MOTOSSERRA SABRE 6 K21 S01;WAP MOTOSSERRA SABRE 6 K21 S01;WAP MOTOSSERRA SABRE 6 K21 S01;;Ferramentas;84672200;7899831312436;;1;2;5.2;CATALOGO ABERTO;Estrangeira;DIY;ferramenta - paraf/furad/mart
2024-06-14;FW010583;WAP MOEDOR DE CAFÉ AROMA WMC200;WAP MOEDOR DE CAFÉ AROMA WMC200;WAP MOEDOR DE CAFÉ AROMA WMC200 220V;;Cozinha;85094090;7899831337255;;1;0.82;6.5;CATALOGO ABERTO;Estrangeira;SDA - MOTORS & COMFORT;cozinha
2024-06-14;FW010582;WAP MOEDOR DE CAFÉ AROMA WMC200;WAP MOEDOR DE CAFÉ AROMA WMC200;WAP MOEDOR DE CAFÉ AROMA WMC200 127V;;Cozinha;85094090;7899831337248;;1;0.82;6.5;CATALOGO ABERTO;Estrangeira;SDA - MOTORS & COMFORT;cozinha
2023-12-05;FW010139;WAP MIXER 3 EM 1 INOX WM1;WAP MIXER 3 EM 1 INOX WM1;WAP MIXER 3 EM 1 HASTE EM INOX PROSDÓCIMO WM1 220V;220V;Cozinha;85094050;7899831331888;;1;1.2;6.5;CATALOGO ABERTO;Estrangeira;SDA - MOTORS & COMFORT;cozinha
2023-12-05;FW010138;WAP MIXER 3 EM 1 INOX WM1;WAP MIXER 3 EM 1 INOX WM1;WAP MIXER 3 EM 1 HASTE EM INOX PROSDÓCIMO WM1 127V;127V;Cozinha;85094050;7899831331871;;1;1.2;6.5;CATALOGO ABERTO;Estrangeira;SDA - MOTORS & COMFORT;cozinha
2020-02-12;FW007730;WAP MITE CLEANER UV;WAP MITE CLEANER UV;WAP MITE CLEANER UV 220V;220V;Aspiradores;85081100;7899831302123;;1;1.8;6.5;CATALOGO ABERTO;Estrangeira;SDA - MOTORS & COMFORT;aspirador - portátil
2020-02-12;FW007729;WAP MITE CLEANER UV;WAP MITE CLEANER UV;WAP MITE CLEANER UV 127V;127V;Aspiradores;85081100;7899831302116;;1;1.8;6.5;CATALOGO ABERTO;Estrangeira;SDA - MOTORS & COMFORT;aspirador - portátil
2025-01-16;FW011413;WAP MISTUR DE ARGAMA E TINTA WF MA01;WAP MISTUR DE ARGAMA E TINTA WF MA01;WAP MISTURADOR DE ARGAMASSA E TINTA WF MA01 220V;;Ferramentas;84798210;7899831342778;;1;2.47;0;CATALOGO ABERTO;Estrangeira;SDA - COOKING & BEAUTY;ferramentas
2025-01-16;FW011412;WAP MISTUR DE ARGAMA E TINTA WF MA01;WAP MISTUR DE ARGAMA E TINTA WF MA01;WAP MISTURADOR DE ARGAMASSA E TINTA WF MA01 127V;;Ferramentas;84798210;7899831342761;;1;2.47;0;CATALOGO ABERTO;Estrangeira;SDA - COOKING & BEAUTY;ferramentas
2021-02-04;FW008314;WAP MARTELETE EMPR900K SDS PLUS;WAP MARTELETE EMPR900K SDS PLUS;WAP MARTELETE COMBINADO WAP EMPR900K SDS PLUS 220V;220V;Ferramentas;84672993;7899831306084;;1;5.4;5.2;CATALOGO ABERTO;Estrangeira;DIY;ferramenta - paraf/furad/mart
2021-02-04;FW008313;WAP MARTELETE EMPR900K SDS PLUS;WAP MARTELETE EMPR900K SDS PLUS;WAP MARTELETE COMBINADO WAP EMPR900K SDS PLUS 127V;127V;Ferramentas;84672993;7899831306077;;1;5.4;5.2;CATALOGO ABERTO;Estrangeira;DIY;ferramenta - paraf/furad/mart
2022-08-23;FW009210;WAP MAQUINA DE SOLDA INVERSORA W250B;WAP MAQUINA DE SOLDA INVERSORA W250B;WAP MÁQUINA DE SOLDA INVERSORA MMA W250B;BIVOLT;Ferramentas;85153900;7899831311507;;1;3.33;0;CATALOGO ABERTO;Estrangeira;DIY;ferramenta - solda
2022-08-31;FW009209;WAP MAQUINA DE SOLDA INVERSORA W250;WAP MAQUINA DE SOLDA INVERSORA W250;WAP MÁQUINA DE SOLDA INVERSORA MMA W250 220V;220V;Ferramentas;85153900;7899831311514;;1;3.33;0;CATALOGO ABERTO;Estrangeira;DIY;ferramenta - solda
2021-12-03;FW008667;WAP MANGUEIRA COM ENROLADOR GMEEM01;WAP MANGUEIRA COM ENROLADOR GMEEM01;WAP MANGUEIRA COM ENROLADOR E ESGUICHO MÚLTIPLO GMEEM01;;Jardinagem;84798999;7899831309917;;1;2.47;0;CATALOGO ABERTO;Estrangeira;DIY;garden manual - irrigação
2022-06-15;FW008971;WAP MAGIC;WAP MAGIC;WAP MAGIC;BATERIA;Aspiradores;85081100;7899831310975;;1;6.2;6.5;CATALOGO ABERTO;Estrangeira;SDA - MOTORS & COMFORT;aspirador - sem fio
2025-01-20;FW011415;WAP LIXADEIRA TELES DE PARED WF LT01;WAP LIXADEIRA TELES DE PARED WF LT01;WAP LIXADEIRA TELESCOPICA DE PAREDE WF LT01 220V;;Ferramentas;84659310;7899831342792;;1;2.47;0;CATALOGO ABERTO;Estrangeira;SDA - COOKING & BEAUTY;ferramentas
2025-01-20;FW011414;WAP LIXADEIRA TELES DE PARED WF LT01;WAP LIXADEIRA TELES DE PARED WF LT01;WAP LIXADEIRA TELESCOPICA DE PAREDE WF LT01 127V;;Ferramentas;84659310;7899831342785;;1;2.47;0;CATALOGO ABERTO;Estrangeira;SDA - COOKING & BEAUTY;ferramentas
2023-11-21;FW010115;WAP LIXADEIRA ROTO ORBITAL WF LR01;WAP LIXADEIRA ROTO ORBITAL WF LR01;WAP LIXADEIRA ROTO ORBITAL WF LR01 220V;220V;Ferramentas;84659310;7899831331741;;1;1.4;0;CATALOGO ABERTO;Estrangeira;DIY;ferramenta - serra/lixa/desbas
2023-11-21;FW010112;WAP LIXADEIRA ROTO ORBITAL WF LR01;WAP LIXADEIRA ROTO ORBITAL WF LR01;WAP LIXADEIRA ROTO ORBITAL WF LR01 127V;127V;Ferramentas;84659310;7899831331734;;1;1.4;0;CATALOGO ABERTO;Estrangeira;DIY;ferramenta - serra/lixa/desbas
2022-05-09;FW008919;WAP LIXADEIRA ORBITAL ELO 250;WAP LIXADEIRA ORBITAL ELO 250;WAP LIXADEIRA ORBITAL - WAP ELO 250 220V;220V;Ferramentas;84659310;7899831311002;;1;1.4;0;CATALOGO ABERTO;Estrangeira;DIY;ferramenta - serra/lixa/desbas
2022-05-09;FW008918;WAP LIXADEIRA ORBITAL ELO 250;WAP LIXADEIRA ORBITAL ELO 250;WAP LIXADEIRA ORBITAL - WAP ELO 250 127V;127V;Ferramentas;84659310;7899831310999;;1;1.4;0;CATALOGO ABERTO;Estrangeira;DIY;ferramenta - serra/lixa/desbas
2025-01-20;FW011417;WAP LIXADEIRA DE PAREDE WF LP01;WAP LIXADEIRA DE PAREDE WF LP01;WAP LIXADEIRA DE PAREDE WF LP01 220V;;Ferramentas;84659310;7899831342815;;1;2.47;0;CATALOGO ABERTO;Estrangeira;SDA - COOKING & BEAUTY;ferramentas
2025-01-20;FW011416;WAP LIXADEIRA DE PAREDE WF LP01;WAP LIXADEIRA DE PAREDE WF LP01;WAP LIXADEIRA DE PAREDE WF LP01 127V;;Ferramentas;84659310;7899831342808;;1;2.47;0;CATALOGO ABERTO;Estrangeira;SDA - COOKING & BEAUTY;ferramentas
2023-11-21;FW010103;WAP LIXADEIRA DE CINTA WF LC01;WAP LIXADEIRA DE CINTA WF LC01;WAP LIXADEIRA DE CINTA WF LC01 220V;220V;Ferramentas;84659310;7899831331703;;1;3.15;;CATALOGO ABERTO;Estrangeira;SEM CLASSIFICAÇÃO;ferramenta - serra/lixa/desbas
2023-11-21;FW010100;WAP LIXADEIRA DE CINTA WF LC01;WAP LIXADEIRA DE CINTA WF LC01;WAP LIXADEIRA DE CINTA WF LC01 127V;127V;Ferramentas;84659310;7899831331697;;1;3.15;0;CATALOGO ABERTO;Estrangeira;DIY;ferramenta - serra/lixa/desbas
2024-03-12;FW010341;WAP LIQUIDIFICADOR PROSDÓCIMO WB2000;WAP LIQUIDIFICADOR PROSDÓCIMO WB2000;WAP LIQUIDIFICADOR PROSDÓCIMO WB2000 220V;;Cozinha;85094010;7899831335282;;1;4.36;6.5;CATALOGO ABERTO;Estrangeira;SDA - MOTORS & COMFORT;cozinha
2024-03-12;FW010340;WAP LIQUIDIFICADOR PROSDÓCIMO WB2000;WAP LIQUIDIFICADOR PROSDÓCIMO WB2000;WAP LIQUIDIFICADOR PROSDÓCIMO WB2000 127V;;Cozinha;85094010;7899831335299;;1;4.36;6.5;CATALOGO ABERTO;Estrangeira;SDA - MOTORS & COMFORT;cozinha
2019-12-20;FW007479;WAP LIFE SPEED;WAP LIFE SPEED;WAP LIFE SPEED 220V~ 60HZ;220V;Aspiradores;85081900;7899831301140;;1;5.1;6.5;CATALOGO ABERTO;Estrangeira;SDA - MOTORS & COMFORT;aspirador - vertical
2019-12-20;FW007478;WAP LIFE SPEED;WAP LIFE SPEED;WAP LIFE SPEED 127V~ 60HZ;127V;Aspiradores;85081900;7899831301133;;1;5.1;6.5;CATALOGO ABERTO;Estrangeira;SDA - MOTORS & COMFORT;aspirador - vertical
2014-05-16;FW004195;WAP LÍDER;WAP LÍDER;WAP LÍDER 2200 220V;220V;Lavadoras;84243010;7898152188904;;1;8.8;0;CATALOGO ABERTO;Estrangeira;DIY;lavadora - ocasional
2014-05-16;FW004194;WAP LÍDER;WAP LÍDER;WAP LÍDER 2200 127V;127V;Lavadoras;84243010;7898152188898;;1;8.8;0;CATALOGO ABERTO;Estrangeira;DIY;lavadora - ocasional
2024-04-25;FW010496;WAP LENS CÂMERA FIXA 100;WAP LENS CÂMERA FIXA 100;WAP LENS CÂMERA FIXA 100;;Câmeras;85258913;7899831336708;;1;0.248;13;CATALOGO ABERTO;Estrangeira;TECH;câmeras
2024-04-26;FW010502;WAP LENS CÂMERA 360° OUTDOOR 300;WAP LENS CÂMERA 360° OUTDOOR 300;WAP LENS CÂMERA 360° OUTDOOR 300;;Câmeras;85258913;7899831336722;;1;0.42;13;CATALOGO ABERTO;Estrangeira;TECH;câmeras
2024-04-26;FW010499;WAP LENS CÂMERA 360° INDOOR 200;WAP LENS CÂMERA 360° INDOOR 200;WAP LENS CÂMERA 360° INDOOR 200;;Câmeras;85258913;7899831336715;;1;0.711;13;CATALOGO ABERTO;Estrangeira;TECH;câmeras
2019-07-19;FW006927;WAP L PROFI 4000;WAP L PROFI 4000;WAP L PROFI 4000 380V 3~- 60HZ;380V;Lavadoras;84243010;7899831300785;;1;87.7;0;CATALOGO ABERTO;Estrangeira;DIY;lavadora - intensivo
2025-04-22;FW011491;WAP L PROFI 2800 TRI;WAP L PROFI 2800 TRI;WAP L PROFI 2800 TRI 380V;;Lavadoras;84243010;7899831343348;;1;50;;CATALOGO ABERTO;Estrangeira;SEM CLASSIFICAÇÃO;lavadora - intensivo
2025-04-22;FW011490;WAP L PROFI 2800 TRI;WAP L PROFI 2800 TRI;WAP L PROFI 2800 TRI 220V;;Lavadoras;84243010;7899831343331;;1;50;;CATALOGO ABERTO;Estrangeira;SEM CLASSIFICAÇÃO;lavadora - intensivo
2019-04-03;FW006554;WAP L PROFI 2500;WAP L PROFI 2500;WAP L PROFI 2500 TURBO 220V~- 60HZ;220V;Lavadoras;84243010;7899831300389;;1;50;0;CATALOGO ABERTO;Estrangeira;DIY;lavadora - intensivo
2017-10-27;FW005860;WAP L PROFI 2500;WAP L PROFI 2500;WAP L PROFI 2500 220V~- 60HZ;220V;Lavadoras;84243010;7898152186733;;1;54;0;CATALOGO ABERTO;Estrangeira;DIY;lavadora - intensivo
2025-04-22;FW011489;WAP L PROFI 2300 TRI;WAP L PROFI 2300 TRI;WAP L PROFI 2300 TRI 380V;;Lavadoras;84243010;7899831343324;;1;50;;CATALOGO ABERTO;Estrangeira;SEM CLASSIFICAÇÃO;lavadora - intensivo
2025-04-22;FW011488;WAP L PROFI 2300 TRI;WAP L PROFI 2300 TRI;WAP L PROFI 2300 TRI 220V;;Lavadoras;84243010;7899831343317;;1;50;;CATALOGO ABERTO;Estrangeira;SEM CLASSIFICAÇÃO;lavadora - intensivo
2025-04-22;FW011487;WAP L PROFI 2300 MONO;WAP L PROFI 2300 MONO;WAP L PROFI 2300 MONO 220V;;Lavadoras;84243010;7899831343300;;1;50;;CATALOGO ABERTO;Estrangeira;SEM CLASSIFICAÇÃO;lavadora - intensivo
2019-07-19;FW006924;WAP L PROFI 2000;WAP L PROFI 2000;WAP L PROFI 2000 220V~- 60HZ;220V;Lavadoras;84243010;7899831300778;;1;33.6;0;CATALOGO ABERTO;Estrangeira;DIY;lavadora - intensivo
2023-07-05;FW009600;WAP KIT PARAF + CHAVE DE IMP K21;WAP KIT PARAF + CHAVE DE IMP K21;WAP KIT PARAFUSADEIRA + CHAVE DE IMPACTO K21 KT01;;Ferramentas;84672992;7899831313136;;1;4.2;5.2;CATALOGO ABERTO;Estrangeira;DIY;ferramenta - paraf/furad/mart
2023-11-10;FW010081;WAP KIT DE FERRAMENTAS 110PCS WFM110;WAP KIT DE FERRAMENTAS 110PCS WFM110;WAP KIT DE FERRAMENTAS 110 PCS WF M110;;Ferramentas;82055100;7899831333493;;1;1.9;5.2;CATALOGO ABERTO;Estrangeira;DIY;ferramentas manuais
2016-10-18;FW005465;WAP HOME CLEANER;WAP HOME CLEANER;WAP HOME CLEANER 220V 60Hz;220V;Extratoras;84518000;7898152180915;;1;10.5;0;CATALOGO ABERTO;Estrangeira;SDA - MOTORS & COMFORT;extratora - barril
2016-10-18;FW005464;WAP HOME CLEANER;WAP HOME CLEANER;WAP HOME CLEANER 127V 60Hz;127V;Extratoras;84518000;7898152180908;;1;10.5;0;CATALOGO ABERTO;Estrangeira;SDA - MOTORS & COMFORT;extratora - barril
2022-07-21;FW009105;WAP HIGH SPEED PLUS;WAP HIGH SPEED PLUS;WAP HIGH SPEED PLUS 220V;220V;Aspiradores;85081100;7899831311361;;1;2;6.5;CATALOGO ABERTO;Estrangeira;SDA - MOTORS & COMFORT;aspirador - vertical
2022-07-21;FW009104;WAP HIGH SPEED PLUS;WAP HIGH SPEED PLUS;WAP HIGH SPEED PLUS 127V;127V;Aspiradores;85081100;7899831311354;;1;2;6.5;CATALOGO ABERTO;Estrangeira;SDA - MOTORS & COMFORT;aspirador - vertical
2023-06-12;FW009552;WAP HIGH SPEED MAX;WAP HIGH SPEED MAX;WAP HIGH SPEED MAX 220V;220V;Aspiradores;85081100;7899831312818;;1;2;6.5;EXCLUSIVO;Estrangeira;SDA - MOTORS & COMFORT;aspirador - vertical
2023-06-12;FW009551;WAP HIGH SPEED MAX;WAP HIGH SPEED MAX;WAP HIGH SPEED MAX 127V;127V;Aspiradores;85081100;7899831312801;;1;2;6.5;EXCLUSIVO;Estrangeira;SDA - MOTORS & COMFORT;aspirador - vertical
2021-08-23;FW008614;WAP HIGH SPEED BLACK;WAP HIGH SPEED BLACK;WAP HIGH SPEED BLACK 220V~50/60Hz;220V;Aspiradores;85081100;7899831309405;;1;2;6.5;EXCLUSIVO;Estrangeira;SDA - MOTORS & COMFORT;aspirador - vertical
2021-08-23;FW008613;WAP HIGH SPEED BLACK;WAP HIGH SPEED BLACK;WAP HIGH SPEED BLACK 127V~50/60Hz;127V;Aspiradores;85081100;7899831309399;;1;2;6.5;EXCLUSIVO;Estrangeira;SDA - MOTORS & COMFORT;aspirador - vertical
2023-06-20;FW009563;WAP HANDSON;WAP HANDSON;WAP HANDSON;;Aspiradores;85081100;7899831312870;;1;0.7;6.5;CATALOGO ABERTO;Estrangeira;SDA - MOTORS & COMFORT;aspirador - sem fio
2024-05-27;FW010524;WAP GTW INOX 70I;WAP GTW INOX 70I;WAP GTW INOX 70i 220V;;Aspiradores;85081900;7899831336906;;1;10.5;6.5;CATALOGO ABERTO;Estrangeira;SDA - MOTORS & COMFORT;aspirador - barril
2024-05-27;FW010523;WAP GTW INOX 70I;WAP GTW INOX 70I;WAP GTW INOX 70i 127V;;Aspiradores;85081900;7899831336890;;1;10.5;6.5;CATALOGO ABERTO;Estrangeira;SDA - MOTORS & COMFORT;aspirador - barril
2024-05-27;FW010526;WAP GTW INOX 50I;WAP GTW INOX 50I;WAP GTW INOX 50i 220V;;Aspiradores;85081900;7899831336883;;1;10.03;6.5;CATALOGO ABERTO;Estrangeira;SDA - MOTORS & COMFORT;aspirador - barril
2024-05-27;FW010525;WAP GTW INOX 50I;WAP GTW INOX 50I;WAP GTW INOX 50i 127V;;Aspiradores;85081900;7899831336876;;1;10.03;6.5;CATALOGO ABERTO;Estrangeira;SDA - MOTORS & COMFORT;aspirador - barril
2017-01-12;FW005575;WAP GTW INOX 50;WAP GTW INOX 50;WAP GTW INOX 50 220V~ 60Hz;220V;Aspiradores;85081900;7898152181257;;1;10.5;6.5;CATALOGO ABERTO;Estrangeira;SDA - MOTORS & COMFORT;aspirador - barril
2017-01-12;FW005574;WAP GTW INOX 50;WAP GTW INOX 50;WAP GTW INOX 50 127V~ 60Hz;127V;Aspiradores;85081900;7898152181240;;1;11.5;6.5;CATALOGO ABERTO;Estrangeira;SDA - MOTORS & COMFORT;aspirador - barril
2024-05-27;FW010528;WAP GTW INOX 25;WAP GTW INOX 25;WAP GTW INOX 25 220V;;Aspiradores;84145990;7899831336869;;1;3.91;0;CATALOGO ABERTO;Estrangeira;SDA - MOTORS & COMFORT;aspirador - barril
2024-05-27;FW010527;WAP GTW INOX 25;WAP GTW INOX 25;WAP GTW INOX 25 127V;;Aspiradores;84145990;7899831336852;;1;3.91;0;CATALOGO ABERTO;Estrangeira;SDA - MOTORS & COMFORT;aspirador - barril
2024-01-15;FW010266;WAP GTW INOX 20i;WAP GTW INOX 20i;WAP GTW INOX 20i 220V;;Aspiradores;85081900;7899831334308;;1;5.05;6.5;CATALOGO ABERTO;Estrangeira;SDA - MOTORS & COMFORT;aspirador - barril
2024-01-15;FW010265;WAP GTW INOX 20i;WAP GTW INOX 20i;WAP GTW INOX 20i 127V;;Aspiradores;85081900;7899831334292;;1;5.05;6.5;CATALOGO ABERTO;Estrangeira;SDA - MOTORS & COMFORT;aspirador - barril
2016-03-14;FW005406;WAP GTW INOX 20;WAP GTW INOX 20;WAP GTW INOX 20 220 V~ 60 HZ;220V;Aspiradores;85081900;7898152180687;;1;4.7;6.5;CATALOGO ABERTO;Estrangeira;SDA - MOTORS & COMFORT;aspirador - barril
2016-03-14;FW005405;WAP GTW INOX 20;WAP GTW INOX 20;WAP GTW INOX 20 127 V~ 60 HZ;127V;Aspiradores;85081900;7898152180670;;1;4.7;6.5;CATALOGO ABERTO;Estrangeira;SDA - MOTORS & COMFORT;aspirador - barril
2022-03-09;FW008810;WAP GTW INOX 15;WAP GTW INOX 15;WAP GTW INOX 15 220V;220V;Aspiradores;85081900;7899831310319;;1;5.16;6.5;CATALOGO ABERTO;Estrangeira;SDA - MOTORS & COMFORT;aspirador - barril
2022-03-09;FW008809;WAP GTW INOX 15;WAP GTW INOX 15;WAP GTW INOX 15 127V;127V;Aspiradores;85081900;7899831310302;;1;5.16;6.5;CATALOGO ABERTO;Estrangeira;SDA - MOTORS & COMFORT;aspirador - barril
2024-01-15;FW010270;WAP GTW INOX 12i;WAP GTW INOX 12i;WAP GTW INOX 12i 220V;;Aspiradores;85081900;7899831334322;;1;4.396;6.5;CATALOGO ABERTO;Estrangeira;SDA - MOTORS & COMFORT;aspirador - barril
2024-01-15;FW010269;WAP GTW INOX 12i;WAP GTW INOX 12i;WAP GTW INOX 12i 127V;;Aspiradores;85081900;7899831334315;;1;4.396;6.5;CATALOGO ABERTO;Estrangeira;SDA - MOTORS & COMFORT;aspirador - barril
2015-04-17;FW005042;WAP GTW INOX 12;WAP GTW INOX 12;WAP GTW INOX 12 220V~ 60HZ;220V;Aspiradores;85081100;7898152180663;;1;4;6.5;CATALOGO ABERTO;Estrangeira;SDA - MOTORS & COMFORT;aspirador - barril
2015-04-17;FW005041;WAP GTW INOX 12;WAP GTW INOX 12;WAP GTW INOX 12 127V~ 60HZ;127V;Aspiradores;85081100;7898152180656;;1;4;6.5;CATALOGO ABERTO;Estrangeira;SDA - MOTORS & COMFORT;aspirador - barril
2023-04-10;FW009440;WAP GTW COMPACT;WAP GTW COMPACT;WAP GTW COMPACT 220V;220V;Aspiradores;85081100;7899831312276;;1;1.9;6.5;CATALOGO ABERTO;Estrangeira;SDA - MOTORS & COMFORT;aspirador - barril
2023-04-10;FW009439;WAP GTW COMPACT;WAP GTW COMPACT;WAP GTW COMPACT 127V;127V;Aspiradores;85081100;7899831312269;;1;1.9;6.5;CATALOGO ABERTO;Estrangeira;SDA - MOTORS & COMFORT;aspirador - barril
2019-11-28;FW007431;WAP GTW BAGLESS;WAP GTW BAGLESS;WAP GTW BAGLESS 220V 50/60HZ;220V;Aspiradores;85081100;7899831301058;;1;4.15;6.5;CATALOGO ABERTO;Estrangeira;SDA - MOTORS & COMFORT;aspirador - barril
2019-11-28;FW007430;WAP GTW BAGLESS;WAP GTW BAGLESS;WAP GTW BAGLESS 127V 50/60HZ;127V;Aspiradores;85081100;7899831301041;;1;4.15;6.5;CATALOGO ABERTO;Estrangeira;SDA - MOTORS & COMFORT;aspirador - barril
2023-11-21;FW010105;WAP GTW ASH;WAP GTW ASH;WAP GTW ASH 220V;220V;Aspiradores;85081100;7899831331789;;1;4.3;6.5;CATALOGO ABERTO;Estrangeira;SDA - MOTORS & COMFORT;aspirador - barril
2023-11-21;FW010104;WAP GTW ASH;WAP GTW ASH;WAP GTW ASH 127V;127V;Aspiradores;85081100;7899831331772;;1;4.3;6.5;CATALOGO ABERTO;Estrangeira;SDA - MOTORS & COMFORT;aspirador - barril
2019-01-11;FW006491;WAP GTW 20;WAP GTW 20;WAP GTW 20 220 V~ 60 HZ;220V;Aspiradores;85081900;7899831300303;;1;5.6;6.5;CATALOGO ABERTO;Estrangeira;SDA - MOTORS & COMFORT;aspirador - barril
2019-01-11;FW006490;WAP GTW 20;WAP GTW 20;WAP GTW 20 127 V~ 60 HZ;127V;Aspiradores;85081900;7899831300297;;1;5.6;6.5;CATALOGO ABERTO;Estrangeira;SDA - MOTORS & COMFORT;aspirador - barril
2022-05-11;FW008926;WAP GTW 10 MARE;WAP GTW 10 MARE;WAP GTW 10 MARE 220V 50/60HZ;220V;Aspiradores;85081100;7899831310708;;1;4.3;6.5;EXCLUSIVO;Estrangeira;SDA - MOTORS & COMFORT;aspirador - barril
2022-05-11;FW008925;WAP GTW 10 MARE;WAP GTW 10 MARE;WAP GTW 10 MARE 127V 50/60HZ;127V;Aspiradores;85081100;7899831310692;;1;4.3;6.5;EXCLUSIVO;Estrangeira;SDA - MOTORS & COMFORT;aspirador - barril
2017-05-18;FW005706;WAP GTW 10;WAP GTW 10;WAP GTW 10 220V 50/60HZ;220V;Aspiradores;85081100;7898152181356;;1;4.3;6.5;CATALOGO ABERTO;Estrangeira;SDA - MOTORS & COMFORT;aspirador - barril
2017-05-18;FW005705;WAP GTW 10;WAP GTW 10;WAP GTW 10 127V 50/60HZ;127V;Aspiradores;85081100;7898152181349;;1;4.3;6.5;CATALOGO ABERTO;Estrangeira;SDA - MOTORS & COMFORT;aspirador - barril
2000-05-29;20000122;WAP ASPIRADOR GT PROFI 20;WAP ASPIRADOR GT PROFI 20;WAP GT PROFI 20 220V;220V;Aspiradores;85081100;7898152180342;;1;8;0;CATALOGO ABERTO;Nacional;SDA - MOTORS & COMFORT;aspirador - barril
2000-05-29;20000121;WAP ASPIRADOR GT PROFI 20;WAP ASPIRADOR GT PROFI 20;WAP GT PROFI 20 127V;127V;Aspiradores;85081100;7898152180335;;1;8;0;CATALOGO ABERTO;Nacional;SDA - MOTORS & COMFORT;aspirador - barril
2022-02-01;FW008770;WAP FURADEIRA PAR. DE IMP. EFPI1000;WAP FURADEIRA PAR. DE IMP. EFPI1000;WAP FURADEIRA E PARAFUSADEIRA DE IMPACTO WAP EFPI 1000 220V;220V;Ferramentas;84672992;7899831310258;;1;3.7;5.2;CATALOGO ABERTO;Estrangeira;DIY;ferramenta - paraf/furad/mart
2022-02-01;FW008769;WAP FURADEIRA PAR. DE IMP. EFPI1000;WAP FURADEIRA PAR. DE IMP. EFPI1000;WAP FURADEIRA E PARAFUSADEIRA DE IMPACTO WAP EFPI 1000 127V;127V;Ferramentas;84672992;7899831310241;;1;3.7;5.2;CATALOGO ABERTO;Estrangeira;DIY;ferramenta - paraf/furad/mart
2015-03-30;926402010;WAP FURADEIRA PARAFUSADEIRA EFI600K;WAP FURADEIRA PARAFUSADEIRA EFI600K;WAP FURADEIRA DE IMPACTO E PARAFUSADEIRA WAP EFI600K 220V;220V;Ferramentas;84672992;7898152180601;;1;3.563;5.2;CATALOGO ABERTO;Estrangeira;DIY;ferramenta - paraf/furad/mart
2015-03-30;926401010;WAP FURADEIRA PARAFUSADEIRA EFI600K;WAP FURADEIRA PARAFUSADEIRA EFI600K;WAP FURADEIRA DE IMPACTO E PARAFUSADEIRA WAP EFI600K 127V;127V;Ferramentas;84672992;7898152180595;;1;3.563;5.2;CATALOGO ABERTO;Estrangeira;DIY;ferramenta - paraf/furad/mart
2022-09-16;FW009219;WAP FLOW TURBO MESA E PAREDE;WAP FLOW TURBO MESA E PAREDE;WAP FLOW TURBO MESA E PAREDE 220V;220V;Ventiladores;84145990;7899831311590;7899831311590;1;3.6;0;CATALOGO ABERTO;Nacional;SDA - MOTORS & COMFORT;ventilador - de mesa
2022-09-16;FW009218;WAP FLOW TURBO MESA E PAREDE;WAP FLOW TURBO MESA E PAREDE;WAP FLOW TURBO MESA E PAREDE 127V;127V;Ventiladores;84145990;7899831311583;7899831311583;1;3.6;0;CATALOGO ABERTO;Nacional;SDA - MOTORS & COMFORT;ventilador - de mesa
2025-03-28;FW011710;WAP FLOW TURBO ECO MESA E PAREDE;WAP FLOW TURBO ECO MESA E PAREDE;WAP FLOW TURBO ECO MESA E PAREDE 220V;;Ventiladores;84145990;7899831343249;;1;3.6;0;CATALOGO ABERTO;Nacional;SDA - MOTORS & COMFORT;ventilador - de mesa
2025-03-28;FW011709;WAP FLOW TURBO ECO MESA E PAREDE;WAP FLOW TURBO ECO MESA E PAREDE;WAP FLOW TURBO ECO MESA E PAREDE 127V;;Ventiladores;84145990;7899831343232;;1;3.6;0;CATALOGO ABERTO;Nacional;SDA - MOTORS & COMFORT;ventilador - de mesa
2025-03-28;FW011712;WAP FLOW TURBO ECO COLUNA;WAP FLOW TURBO ECO COLUNA;WAP FLOW TURBO ECO DE COLUNA 220V;;Ventiladores;84145990;7899831343263;;1;3.6;0;CATALOGO ABERTO;Nacional;SDA - MOTORS & COMFORT;ventilador - de coluna
2025-03-28;FW011711;WAP FLOW TURBO ECO COLUNA;WAP FLOW TURBO ECO COLUNA;WAP FLOW TURBO ECO DE COLUNA 127V;;Ventiladores;84145990;7899831343256;;1;6;0;CATALOGO ABERTO;Nacional;SDA - MOTORS & COMFORT;ventilador - de coluna
2022-09-16;FW009221;WAP FLOW TURBO COLUNA;WAP FLOW TURBO COLUNA;WAP FLOW TURBO DE COLUNA 220V;220V;Ventiladores;84145990;7899831311576;7899831311576;1;6;0;CATALOGO ABERTO;Nacional;SDA - MOTORS & COMFORT;ventilador - de coluna
2022-09-16;FW009220;WAP FLOW TURBO COLUNA;WAP FLOW TURBO COLUNA;WAP FLOW TURBO DE COLUNA 127V;127V;Ventiladores;84145990;7899831311569;7899831311569;1;6;0;CATALOGO ABERTO;Nacional;SDA - MOTORS & COMFORT;ventilador - de coluna
2023-05-26;FW009467;WAP FAST CHARGER K21 FC01;WAP FAST CHARGER K21 FC01;WAP FAST CHARGER K21 FC01;;Ferramentas;85044010;7899831312467;;1;0.5;5;CATALOGO ABERTO;Estrangeira;DIY;produtos revendidos
2019-05-17;FW006756;WAP EXTREME TURBO 2800;WAP EXTREME TURBO 2800;WAP EXTREME TURBO 2800 220V;220V;Lavadoras;84243010;7899831300631;;1;17;0;CATALOGO ABERTO;Estrangeira;DIY;lavadora - semi intensivo
2019-05-17;FW006755;WAP EXTREME TURBO 2800;WAP EXTREME TURBO 2800;WAP EXTREME TURBO 2800 127V;127V;Lavadoras;84243010;7899831300624;;1;17;0;CATALOGO ABERTO;Estrangeira;DIY;lavadora - semi intensivo
2024-07-31;FW010770;WAP ESPREMEDOR DE FRUTAS 1,2L WJ1200;WAP ESPREMEDOR DE FRUTAS 1,2L WJ1200;WAP ESPREMEDOR DE FRUTAS 1,2L WJ1200 220V;;Cozinha;85094040;7899831338627;;1;0.895;6.5;CATALOGO ABERTO;Estrangeira;SDA - MOTORS & COMFORT;cozinha
2024-07-31;FW010769;WAP ESPREMEDOR DE FRUTAS 1,2L WJ1200;WAP ESPREMEDOR DE FRUTAS 1,2L WJ1200;WAP ESPREMEDOR DE FRUTAS 1,2L WJ1200 127V;;Cozinha;85094040;7899831338610;;1;0.895;6.5;CATALOGO ABERTO;Estrangeira;SDA - MOTORS & COMFORT;cozinha
2021-02-04;FW008310;WAP ESMERILHADEIRA EEA960;WAP ESMERILHADEIRA EEA960;WAP ESMERILHADEIRA WAP EEA960 220V;220V;Ferramentas;84672999;7899831306060;;1;1.8;5.2;CATALOGO ABERTO;Estrangeira;DIY;ferramenta - serra/lixa/desbas
2021-02-04;FW008309;WAP ESMERILHADEIRA EEA960;WAP ESMERILHADEIRA EEA960;WAP ESMERILHADEIRA WAP EEA960 127V;127V;Ferramentas;84672999;7899831306053;;1;1.8;5.2;CATALOGO ABERTO;Estrangeira;DIY;ferramenta - serra/lixa/desbas
2024-01-16;FW010093;"WAP ESMERILHADEIRA ANG 5"" WF ES01";"WAP ESMERILHADEIRA ANG 5"" WF ES01";"WAP ESMERILHADEIRA ANGULAR 5"" WF ES01 220V";;Ferramentas;84672999;7899831331079;;1;1.7;5.2;CATALOGO ABERTO;Estrangeira;DIY;ferramenta - serra/lixa/desbas
2024-01-16;FW010092;"WAP ESMERILHADEIRA ANG 5"" WF ES01";"WAP ESMERILHADEIRA ANG 5"" WF ES01";"WAP ESMERILHADEIRA ANGULAR 5"" WF ES01 127V";;Ferramentas;84672999;7899831334353;;1;1.7;5.2;CATALOGO ABERTO;Estrangeira;DIY;ferramenta - serra/lixa/desbas
2024-07-19;FW010714;WAP ESMERILHADEIRA ANG 5 WF ES02;WAP ESMERILHADEIRA ANG 5 WF ES02;WAP ESMERILHADEIRA ANG 5 WF ES02 220V;;Ferramentas;84672999;7899831338153;;1;1.8;5.2;CATALOGO ABERTO;Estrangeira;DIY;ferramenta - serra/lixa/desbas
2024-07-19;FW010713;WAP ESMERILHADEIRA ANG 5 WF ES02;WAP ESMERILHADEIRA ANG 5 WF ES02;WAP ESMERILHADEIRA ANG 5 WF ES02 127V;;Ferramentas;84672999;7899831338146;;1;1.8;5.2;CATALOGO ABERTO;Estrangeira;DIY;ferramenta - serra/lixa/desbas
2010-08-08;31130022;WAP ECO WASH;WAP ECO WASH;WAP ECO WASH 2350 220V;220V;Lavadoras;84243010;7898152184753;;1;7;0;CATALOGO ABERTO;Estrangeira;DIY;lavadora - ocasional
2010-08-08;31130011;WAP ECO WASH;WAP ECO WASH;WAP ECO WASH 2350 127V;127V;Lavadoras;84243010;7898152184746;;1;7;0;CATALOGO ABERTO;Estrangeira;DIY;lavadora - ocasional
2023-05-04;FW009445;WAP ECO RÁPIDO;WAP ECO RÁPIDO;WAP ECO RAPIDO;BATERIA;Aspiradores;85081100;7899831312283;;1;3.7;6.5;CATALOGO ABERTO;Estrangeira;SDA - MOTORS & COMFORT;aspirador - sem fio
2017-11-02;FW005869;WAP ECO POWER;WAP ECO POWER;WAP ECO POWER 2200 220V;220V;Lavadoras;84243010;7898152186337;;1;6.6;0;CATALOGO ABERTO;Estrangeira;DIY;lavadora - ocasional
2017-11-02;FW005868;WAP ECO POWER;WAP ECO POWER;WAP ECO POWER 2200 127V;127V;Lavadoras;84243010;7898152186320;;1;6.6;0;CATALOGO ABERTO;Estrangeira;DIY;lavadora - ocasional
2017-08-23;FW005794;WAP ECO FIT;WAP ECO FIT;WAP ECO FIT 2200 220V;220V;Lavadoras;84243010;7898152181394;;1;6;0;EXCLUSIVO;Estrangeira;DIY;lavadora - ocasional
2017-08-23;FW005793;WAP ECO FIT;WAP ECO FIT;WAP ECO FIT 2200 127V;127V;Lavadoras;84243010;7898152181387;;1;6;0;EXCLUSIVO;Estrangeira;DIY;lavadora - ocasional
2020-01-23;FW007651;WAP PREMIUM ULTRA;WAP PREMIUM;WAP DESOBSTRUIDORA PREMIUM ULTRA 2600 220V;220V;Lavadoras;84243010;7899831301508;;1;18;0;CATALOGO ABERTO;Estrangeira;DIY;lavadora - semi intensivo
2020-01-23;FW007650;WAP PREMIUM ULTRA;WAP PREMIUM;WAP DESOBSTRUIDORA PREMIUM ULTRA 2600 127V;127V;Lavadoras;84243010;7899831301492;;1;18;0;CATALOGO ABERTO;Estrangeira;DIY;lavadora - semi intensivo
2020-01-23;FW007663;WAP PREMIER ULTRA;WAP PREMIER;WAP DESOBSTRUIDORA PREMIER ULTRA 2600 220V;220V;Lavadoras;84243010;7899831301621;;1;9.4;0;CATALOGO ABERTO;Estrangeira;DIY;lavadora - ocasional
2020-01-23;FW007662;WAP PREMIER ULTRA;WAP PREMIER;WAP DESOBSTRUIDORA PREMIER ULTRA 2600 127V;127V;Lavadoras;84243010;7899831301614;;1;9.4;0;CATALOGO ABERTO;Estrangeira;DIY;lavadora - ocasional
2020-01-23;FW007667;WAP OUSADA ULTRA;WAP OUSADA;WAP DESOBSTRUIDORA OUSADA PLUS ULTRA 2200 220V;220V;Lavadoras;84243010;7899831301669;;1;6.5;0;CATALOGO ABERTO;Estrangeira;DIY;lavadora - ocasional
2020-01-23;FW007666;WAP OUSADA ULTRA;WAP OUSADA;WAP DESOBSTRUIDORA OUSADA PLUS ULTRA 2200 127V;127V;Lavadoras;84243010;7899831301652;;1;6.5;0;CATALOGO ABERTO;Estrangeira;DIY;lavadora - ocasional
2020-01-23;FW007675;WAP OUSADA BLACK ULTRA;WAP OUSADA BLACK;WAP DESOBSTRUIDORA OUSADA BLACK ULTRA 2200 220V;220V;Lavadoras;84243010;7899831301744;;1;6.5;;CATALOGO ABERTO;Estrangeira;SEM CLASSIFICAÇÃO;lavadora - ocasional
2020-01-23;FW007674;WAP OUSADA BLACK ULTRA;WAP OUSADA BLACK;WAP DESOBSTRUIDORA OUSADA BLACK ULTRA 2200 127V;127V;Lavadoras;84243010;7899831301737;;1;6.5;;CATALOGO ABERTO;Estrangeira;SEM CLASSIFICAÇÃO;lavadora - ocasional
2020-01-23;FW007669;WAP NEW ECO WASH ULTRA;WAP NEW ECO WASH;WAP DESOBSTRUIDORA NEW ECO WASH ULTRA 2200 220V;220V;Lavadoras;84243010;7899831301683;;1;7;0;EXCLUSIVO;Estrangeira;DIY;lavadora - ocasional
2020-01-23;FW007668;WAP NEW ECO WASH ULTRA;WAP NEW ECO WASH;WAP DESOBSTRUIDORA NEW ECO WASH ULTRA 2200 127V;127V;Lavadoras;84243010;7899831301676;;1;7;0;EXCLUSIVO;Estrangeira;DIY;lavadora - ocasional
2020-01-23;FW007661;WAP LÍDER ULTRA;WAP LÍDER;WAP DESOBSTRUIDORA LÍDER ULTRA 2200 220V;220V;Lavadoras;84243010;7899831301607;;1;8;0;CATALOGO ABERTO;Estrangeira;DIY;lavadora - ocasional
2020-01-23;FW007660;WAP LÍDER ULTRA;WAP LÍDER;WAP DESOBSTRUIDORA LÍDER ULTRA 2200 127V;127V;Lavadoras;84243010;7899831301591;;1;8;0;CATALOGO ABERTO;Estrangeira;DIY;lavadora - ocasional
2020-01-23;FW007679;WAP EXTREME TURBO ULTRA;WAP EXTREME TURBO 2800;WAP DESOBSTRUIDORA EXTREME TURBO ULTRA 2800 220V;220V;Lavadoras;84243010;7899831301782;;1;17;0;CATALOGO ABERTO;Estrangeira;DIY;lavadora - semi intensivo
2020-01-23;FW007678;WAP EXTREME TURBO ULTRA;WAP EXTREME TURBO 2800;WAP DESOBSTRUIDORA EXTREME TURBO ULTRA 2800 127V;127V;Lavadoras;84243010;7899831301775;;1;17;0;CATALOGO ABERTO;Estrangeira;DIY;lavadora - semi intensivo
2020-01-23;FW007671;WAP ECO FIT ULTRA;WAP ECO FIT;WAP DESOBSTRUIDORA ECO FIT ULTRA 2200 220V;220V;Lavadoras;84243010;7899831301706;;1;6;0;EXCLUSIVO;Estrangeira;DIY;lavadora - ocasional
2020-01-23;FW007670;WAP ECO FIT ULTRA;WAP ECO FIT;WAP DESOBSTRUIDORA ECO FIT ULTRA 2200 127V;127V;Lavadoras;84243010;7899831301690;;1;6;0;EXCLUSIVO;Estrangeira;DIY;lavadora - ocasional
2020-01-23;FW007677;WAP COMBATE TURBO ULTRA;WAP COMBATE TURBO 2600;WAP DESOBSTRUIDORA COMBATE TURBO ULTRA 2600 220V;220V;Lavadoras;84243010;7899831301768;;1;14.6;0;CATALOGO ABERTO;Estrangeira;DIY;lavadora - semi intensivo
2020-01-23;FW007676;WAP COMBATE TURBO ULTRA;WAP COMBATE TURBO 2600;WAP DESOBSTRUIDORA COMBATE TURBO ULTRA 2600 127V;127V;Lavadoras;84243010;7899831301751;;1;14.6;0;CATALOGO ABERTO;Estrangeira;DIY;lavadora - semi intensivo
2020-01-23;FW007653;WAP BRAVO ULTRA;WAP BRAVO;WAP DESOBSTRUIDORA BRAVO ULTRA 2550 220V;220V;Lavadoras;84243010;7899831301522;;1;15;0;CATALOGO ABERTO;Estrangeira;DIY;lavadora - semi intensivo
2020-01-23;FW007652;WAP BRAVO ULTRA;WAP BRAVO;WAP DESOBSTRUIDORA BRAVO ULTRA 2550 127V;127V;Lavadoras;84243010;7899831301515;;1;15;0;CATALOGO ABERTO;Estrangeira;DIY;lavadora - semi intensivo
2020-01-23;FW007657;WAP ATACAMA SMART ULTRA;WAP ATACAMA SMART;WAP DESOBSTRUIDORA ATACAMA SMART ULTRA 2200 220V;220V;Lavadoras;84243010;7899831301560;;1;6;0;CATALOGO ABERTO;Estrangeira;DIY;lavadora - ocasional
2020-01-23;FW007656;WAP ATACAMA SMART ULTRA;WAP ATACAMA SMART;WAP DESOBSTRUIDORA ATACAMA SMART ULTRA 2200 127V;127V;Lavadoras;84243010;7899831301553;;1;6;0;CATALOGO ABERTO;Estrangeira;DIY;lavadora - ocasional
2021-04-13;FW008446;WAP ATACAMA BLACK ULTRA;WAP ATACAMA BLACK;WAP DESOBSTRUIDORA ATACAMA BLACK ULTRA 220V;220V;Lavadoras;84243010;7899831307463;;1;5.8;0;EXCLUSIVO;Estrangeira;DIY;lavadora - ocasional
2021-04-13;FW008445;WAP ATACAMA BLACK ULTRA;WAP ATACAMA BLACK;WAP DESOBSTRUIDORA ATACAMA BLACK ULTRA 127V;127V;Lavadoras;84243010;7899831307456;;1;5.8;0;EXCLUSIVO;Estrangeira;DIY;lavadora - ocasional
2020-01-23;FW007659;WAP ÁGIL ULTRA;WAP ÁGIL;WAP DESOBSTRUIDORA ÁGIL ULTRA 1800 220V;220V;Lavadoras;84243010;7899831301584;;1;6;0;CATALOGO ABERTO;Estrangeira;DIY;lavadora - ocasional
2020-01-23;FW007658;WAP ÁGIL ULTRA;WAP ÁGIL;WAP DESOBSTRUIDORA ÁGIL ULTRA 1800 127V;127V;Lavadoras;84243010;7899831301577;;1;6;0;CATALOGO ABERTO;Estrangeira;DIY;lavadora - ocasional
2020-01-23;FW007680;WAP 5100 TURBO ULTRA;WAP 5100 TURBO;WAP DESOBSTRUIDORA 5100 TURBO ULTRA 220V;220V;Lavadoras;84243010;7899831301799;;1;24.5;0;CATALOGO ABERTO;Estrangeira;DIY;lavadora - intensivo
2020-01-29;FW007645;WAP 4100 ULTRA;WAP 4100;WAP DESOBSTRUIDORA 4100 ULTRA 220V;220V;Lavadoras;84243010;7899831301911;;1;18;0;CATALOGO ABERTO;Nacional;DIY;lavadora - intensivo
2020-01-29;FW007644;WAP 4100 ULTRA;WAP 4100;WAP DESOBSTRUIDORA 4100 ULTRA 127V;127V;Lavadoras;84243010;7899831301904;;1;18;0;CATALOGO ABERTO;Nacional;DIY;lavadora - intensivo
2020-01-29;FW007647;WAP 4100 TURBO ULTRA;WAP 4100;WAP DESOBSTRUIDORA 4100 TURBO ULTRA 220V;220V;Lavadoras;84243010;7899831301935;;1;18;0;CATALOGO ABERTO;Nacional;DIY;lavadora - intensivo
2020-01-29;FW007646;WAP 4100 TURBO ULTRA;WAP 4100;WAP DESOBSTRUIDORA 4100 TURBO ULTRA 127V;127V;Lavadoras;84243010;7899831301928;;1;18;0;CATALOGO ABERTO;Nacional;DIY;lavadora - intensivo
2025-01-20;FW011405;WAP CORTADOR DE GRAMA ELÉTR WG CG01E;WAP CORTADOR DE GRAMA ELÉTR WG CG01E;WAP CORTADOR DE GRAMA ELÉTRICO WG CG01E 220V;;Jardinagem;84331100;7899831342648;;1;2.47;3.25;CATALOGO ABERTO;Estrangeira;DIY;jardinagem elétrica
2025-01-20;FW011404;WAP CORTADOR DE GRAMA ELÉTR WG CG01E;WAP CORTADOR DE GRAMA ELÉTR WG CG01E;WAP CORTADOR DE GRAMA ELÉTRICO WG CG01E 127V;;Jardinagem;84331100;7899831342600;;1;2.47;3.25;CATALOGO ABERTO;Estrangeira;DIY;jardinagem elétrica
2019-08-22;FW007120;WAP COMFORT CLEANER PRO;WAP COMFORT CLEANER PRO;WAP COMFORT CLEANER 220V 50/60Hz;220V;Extratoras;84518000;7899831300969;;1;7;0;CATALOGO ABERTO;Estrangeira;SDA - MOTORS & COMFORT;extratora - vertical
2019-08-22;FW007119;WAP COMFORT CLEANER PRO;WAP COMFORT CLEANER PRO;WAP COMFORT CLEANER 127V 50/60Hz;127V;Extratoras;84518000;7899831300952;;1;7;0;CATALOGO ABERTO;Estrangeira;SDA - MOTORS & COMFORT;extratora - vertical
2019-05-17;FW006752;WAP COMBATE TURBO 2600;WAP COMBATE TURBO 2600;WAP COMBATE TURBO 2600 220V;220V;Lavadoras;84243010;7899831300617;;1;14.6;0;CATALOGO ABERTO;Estrangeira;DIY;lavadora - semi intensivo
2019-05-17;FW006751;WAP COMBATE TURBO 2600;WAP COMBATE TURBO 2600;WAP COMBATE TURBO 2600 127V;127V;Lavadoras;84243010;7899831300600;;1;14.6;0;CATALOGO ABERTO;Estrangeira;DIY;lavadora - semi intensivo
2023-12-27;FW010161;WAP AIR FRESH;WAP AIR FRESH;WAP CLIMATIZADOR DE AR 4 em 1 AIR FRESH 220V;;Eletroportáteis;84796000;7899831333127;;1;1.04;0;CATALOGO ABERTO;Estrangeira;SDA - MOTORS & COMFORT;umidificador/ar condicionado
2023-12-27;FW010160;WAP AIR FRESH;WAP AIR FRESH;WAP CLIMATIZADOR DE AR 4 em 1 AIR FRESH 127V;;Eletroportáteis;84796000;7899831333110;;1;1.04;0;CATALOGO ABERTO;Estrangeira;SDA - MOTORS & COMFORT;umidificador/ar condicionado
2024-06-17;FW010604;WAP CLIMA CONTROL DIGITAL;WAP CLIMA CONTROL DIGITAL;WAP CLIMA CONTROL DIGITAL 220V;220V;Eletroportáteis;84796000;7899831337309;;1;4.92;0;CATALOGO ABERTO;Estrangeira;SDA - MOTORS & COMFORT;umidificador/ar condicionado
2024-06-17;FW010603;WAP CLIMA CONTROL DIGITAL;WAP CLIMA CONTROL DIGITAL;WAP CLIMA CONTROL DIGITAL 127V;127V;Eletroportáteis;84796000;7899831337293;;1;4.92;0;CATALOGO ABERTO;Estrangeira;SDA - MOTORS & COMFORT;umidificador/ar condicionado
2023-07-05;FW009597;WAP CHAVE DE IMPACTO 21V K21 CH02;WAP CHAVE DE IMPACTO 21V K21 CH02;WAP CHAVE DE IMPACTO 21V K21 CH02;;Ferramentas;84672992;7899831313105;;1;3.5;5.2;EXCLUSIVO;Estrangeira;DIY;ferramenta - paraf/furad/mart
2023-05-26;FW009463;WAP CHAVE DE IMPACTO 21V K21 CH01;WAP CHAVE DE IMPACTO 21V K21 CH01;WAP CHAVE DE IMPACTO 21V K21 CH01;;Ferramentas;84672992;7899831312429;;1;3.5;5.2;CATALOGO ABERTO;Estrangeira;DIY;ferramenta - paraf/furad/mart
2024-02-22;FW010278;WAP CHALEIRA PROSDÓCIMO WCE2;WAP CHALEIRA PROSDÓCIMO WCE2;WAP CHALEIRA ELÉTRICA PROSDOCIMO WCE2 220V;220V;Cozinha;85161000;7899831334551;;1;0.8;9.75;CATALOGO ABERTO;Estrangeira;SDA - COOKING & BEAUTY;cozinha
2024-02-22;FW010277;WAP CHALEIRA PROSDÓCIMO WCE2;WAP CHALEIRA PROSDÓCIMO WCE2;WAP CHALEIRA ELÉTRICA PROSDOCIMO WCE2 127V;127V;Cozinha;85161000;7899831334544;;1;0.8;9.75;CATALOGO ABERTO;Estrangeira;SDA - COOKING & BEAUTY;cozinha
2023-06-07;FW009524;WAP CHALEIRA PROSDOCIMO WCE1;WAP CHALEIRA PROSDOCIMO WCE1;WAP CHALEIRA ELÉTRICA PROSDOCIMO WCE1 220V;220V;Cozinha;85161000;7899831312672;;1;1.1;9.75;CATALOGO ABERTO;Estrangeira;SDA - COOKING & BEAUTY;cozinha
2023-06-07;FW009523;WAP CHALEIRA PROSDOCIMO WCE1;WAP CHALEIRA PROSDOCIMO WCE1;WAP CHALEIRA ELÉTRICA PROSDOCIMO WCE1 127V;127V;Cozinha;85161000;7899831312665;;1;1.1;9.75;CATALOGO ABERTO;Estrangeira;SDA - COOKING & BEAUTY;cozinha
2020-08-10;FW008081;WAP CARPET CLEANER PRO 30;WAP CARPET CLEANER PRO 30;WAP CARPET CLEANER PRO 30 220V;220V;Extratoras;84518000;7899831302697;;1;9;0;CATALOGO ABERTO;Estrangeira;SDA - MOTORS & COMFORT;extratora - barril
2020-08-10;FW008080;WAP CARPET CLEANER PRO 30;WAP CARPET CLEANER PRO 30;WAP CARPET CLEANER PRO 30 127V;127V;Extratoras;84518000;7899831302680;;1;9;0;CATALOGO ABERTO;Estrangeira;SDA - MOTORS & COMFORT;extratora - barril
2022-08-05;FW009135;WAP CARPET CLEANER ECO;WAP CARPET CLEANER ECO;WAP CARPET CLEANER ECO 220V;220V;Extratoras;84518000;7899831311439;;1;12;0;CATALOGO ABERTO;Nacional;SDA - MOTORS & COMFORT;extratora - barril
2022-08-05;FW009134;WAP CARPET CLEANER ECO;WAP CARPET CLEANER ECO;WAP CARPET CLEANER ECO 127V;127V;Extratoras;84518000;7899831311422;;1;12.65;0;CATALOGO ABERTO;Nacional;SDA - MOTORS & COMFORT;extratora - barril
2008-07-14;20001422;WAP CARPET CLEANER;WAP CARPET CLEANER;WAP CARPET CLEANER 25L 220V;220V;Extratoras;84518000;7898152183428;;1;10.7;0;CATALOGO ABERTO;Nacional;SDA - MOTORS & COMFORT;extratora - barril
2008-07-14;20001421;WAP CARPET CLEANER;WAP CARPET CLEANER;WAP CARPET CLEANER 25L 127V;127V;Extratoras;84518000;7898152183411;;1;10.7;0;CATALOGO ABERTO;Nacional;SDA - MOTORS & COMFORT;extratora - barril
2023-05-05;FW009448;WAP CAR 12V2;WAP CAR 12V2;WAP CAR 12V2;12v;Aspiradores;85081100;7899831312290;;1;0.67;6.5;CATALOGO ABERTO;Estrangeira;SDA - MOTORS & COMFORT;aspirador - automotivo
2024-06-14;FW010587;WAP CAFETEIRA ESPRESSO DIGITAL WCM20;WAP CAFETEIRA ESPRESSO DIGITAL WCM20;WAP CAFETEIRA ESPRESSO DIGITAL WCM20 220V;;Cozinha;85167100;7899831337279;;1;4.2;7.8;CATALOGO ABERTO;Estrangeira;SDA - COOKING & BEAUTY;cozinha
2024-06-14;FW010586;WAP CAFETEIRA ESPRESSO DIGITAL WCM20;WAP CAFETEIRA ESPRESSO DIGITAL WCM20;WAP CAFETEIRA ESPRESSO DIGITAL WCM20 127V;;Cozinha;85167100;7899831337262;;1;4.2;7.8;CATALOGO ABERTO;Estrangeira;SDA - COOKING & BEAUTY;cozinha
2023-11-13;FW010085;WAP CAFETEIRA DIGITAL AROMA WCD1500;WAP CAFETEIRA DIGITAL AROMA WCD1500;WAP CAFETEIRA DIGITAL AROMA WCD1500 220V;;Cozinha;85167100;7899831331048;;1;2;7.8;CATALOGO ABERTO;Estrangeira;SDA - COOKING & BEAUTY;cozinha
2023-11-13;FW010084;WAP CAFETEIRA DIGITAL AROMA WCD1500;WAP CAFETEIRA DIGITAL AROMA WCD1500;WAP CAFETEIRA DIGITAL AROMA WCD1500 127V;127V;Cozinha;85167100;7899831331031;;1;2;7.8;CATALOGO ABERTO;Estrangeira;SDA - COOKING & BEAUTY;cozinha
2019-12-20;FW007483;WAP BRILHA UP;WAP BRILHA UP;WAP BRILHA UP 220V 60 Hz;220V;Eletroportáteis;84642029;7899831301164;;1;4.18;0;CATALOGO ABERTO;Estrangeira;DIY;polidora
2019-12-20;FW007482;WAP BRILHA UP;WAP BRILHA UP;WAP BRILHA UP 127V 60 Hz;127V;Eletroportáteis;84642029;7899831301157;;1;4.2;0;CATALOGO ABERTO;Estrangeira;DIY;polidora
2008-05-19;31050022;WAP BRAVO;WAP BRAVO;WAP BRAVO 2550 220V;220V;Lavadoras;84243010;7898152183367;;1;15;0;CATALOGO ABERTO;Estrangeira;DIY;lavadora - semi intensivo
2008-05-19;31050011;WAP BRAVO;WAP BRAVO;WAP BRAVO 2550 127V;127V;Lavadoras;84243010;7898152183350;;1;15;0;CATALOGO ABERTO;Estrangeira;DIY;lavadora - semi intensivo
2023-05-26;FW009466;WAP BATERIA 4,0 Ah - 21V K21 BT04;WAP BATERIA 4,0 Ah - 21V K21 BT04;WAP BATERIA 4,0 Ah - 21V K21 BT04;;Ferramentas;85076000;7899831312450;;1;0.685;9.75;CATALOGO ABERTO;Estrangeira;DIY;ferramenta - paraf/furad/mart
2023-06-14;FW009465W;WAP BATERIA 2 Ah - 21V K21 BT02;WAP BATERIA 2 Ah - 21V K21 BT02;WAP BATERIA 2 Ah - 21V K21 BT02;;Ferramentas;85076000;7899831319671;;1;0;9.75;CATALOGO ABERTO;Estrangeira;DIY;ferramenta - paraf/furad/mart
2022-05-09;FW008917;WAP BATERIA 12V LI-ION;WAP BATERIA 12V LI-ION;WAP BATERIA 12V LI-ION;12v;Ferramentas;85076000;7899831312054;;1;0.25;9.75;CATALOGO ABERTO;Estrangeira;DIY;ferramenta - paraf/furad/mart
2013-04-29;FW001536;WAP ATACAMA SMART;WAP ATACAMA SMART;WAP ATACAMA SMART 2200 220V;220V;Lavadoras;84243010;7898152189567;;1;6;0;CATALOGO ABERTO;Estrangeira;DIY;lavadora - ocasional
2013-04-29;FW001535;WAP ATACAMA SMART;WAP ATACAMA SMART;WAP ATACAMA SMART 2200 127V;127V;Lavadoras;84243010;7898152189550;;1;6;0;CATALOGO ABERTO;Estrangeira;DIY;lavadora - ocasional
2021-04-13;FW008444;WAP ATACAMA BLACK;WAP ATACAMA BLACK;WAP ATACAMA BLACK 220V;220V;Lavadoras;84243010;7899831307449;;1;6;0;EXCLUSIVO;Estrangeira;DIY;lavadora - ocasional
2021-04-13;FW008443;WAP ATACAMA BLACK;WAP ATACAMA BLACK;WAP ATACAMA BLACK 127V;127V;Lavadoras;84243010;7899831307432;;1;6;0;EXCLUSIVO;Estrangeira;DIY;lavadora - ocasional
2021-08-17;FW008545;WAP AQUA CLEANER;WAP AQUA CLEANER;WAP AQUA CLEANER 220V 60Hz;220V;Extratoras;84518000;7899831309320;;1;11;0;EXCLUSIVO;Estrangeira;SDA - MOTORS & COMFORT;extratora - barril
2021-08-17;FW008544;WAP AQUA CLEANER;WAP AQUA CLEANER;WAP AQUA CLEANER 127V 60Hz;127V;Extratoras;84518000;7899831309313;;1;11;0;EXCLUSIVO;Estrangeira;SDA - MOTORS & COMFORT;extratora - barril
2025-01-20;FW011407;WAP APARADOR DE CERCA VIVA WG AC02E;WAP APARADOR DE CERCA VIVA WG AC02E;WAP APARADOR DE CERCA VIVA WG AC02E 220V;;Jardinagem;84672999;7899831342679;;1;2.47;5.2;CATALOGO ABERTO;Estrangeira;DIY;jardinagem elétrica
2025-01-20;FW011406;WAP APARADOR DE CERCA VIVA WG AC02E;WAP APARADOR DE CERCA VIVA WG AC02E;WAP APARADOR DE CERCA VIVA WG AC02E 127V;;Jardinagem;84672999;7899831342662;;1;2.47;5.2;CATALOGO ABERTO;Estrangeira;DIY;jardinagem elétrica
2025-07-24;FW012351;WAP AIRFRY OVEN INOX WAOD3;WAP AIRFRY OVEN INOX WAOD3;WAP AIRFRY OVEN INOX WAOD3 220V;;Cozinha;85166000;7899831344673;;1;10.3;;CATALOGO ABERTO;Estrangeira;SEM CLASSIFICAÇÃO;cozinha
2025-07-24;FW012350;WAP AIRFRY OVEN INOX WAOD3;WAP AIRFRY OVEN INOX WAOD3;WAP AIRFRY OVEN INOX WAOD3 127V;;Cozinha;85166000;7899831344666;;1;10.3;;CATALOGO ABERTO;Estrangeira;SEM CLASSIFICAÇÃO;cozinha
2023-06-07;FW009548;WAP AIRFRY OVEN DIGITAL 12L;WAP AIRFRY OVEN DIGITAL 12L;WAP AIRFRY OVEN DIGITAL PROSDOCIMO 12L 220V;220V;Cozinha;85166000;7899831312795;;1;10.3;7.8;CATALOGO ABERTO;Estrangeira;SDA - COOKING & BEAUTY;cozinha
2023-06-07;FW009547;WAP AIRFRY OVEN DIGITAL 12L;WAP AIRFRY OVEN DIGITAL 12L;WAP AIRFRY OVEN DIGITAL PROSDOCIMO 12L 127V;127V;Cozinha;85166000;7899831312788;;1;10.3;7.8;CATALOGO ABERTO;Estrangeira;SDA - COOKING & BEAUTY;cozinha
2024-04-29;FW010509;WAP AIRFRY OVEN BLACK INOX WAOD2;WAP AIRFRY OVEN BLACK INOX WAOD2;WAP AIRFRY OVEN BLACK INOX WAOD2 220V;;Cozinha;85166000;7899831336753;;1;10.3;7.8;CATALOGO ABERTO;Estrangeira;SDA - COOKING & BEAUTY;cozinha
2024-04-29;FW010508;WAP AIRFRY OVEN BLACK INOX WAOD2;WAP AIRFRY OVEN BLACK INOX WAOD2;WAP AIRFRY OVEN BLACK INOX WAOD2 127V;;Cozinha;85166000;7899831336746;;1;10.3;7.8;CATALOGO ABERTO;Estrangeira;SDA - COOKING & BEAUTY;cozinha
2023-07-12;FW009625;WAP AIRFRY MEGA 7.1L DIGITAL;WAP AIRFRY MEGA 7.1L DIGITAL;WAP AIRFRY MEGA DIGITAL PROSDOCIMO 7.1L 220V;220V;Cozinha;85166000;7899831313044;;1;6.2;7.8;CATALOGO ABERTO;Estrangeira;SDA - COOKING & BEAUTY;cozinha
2023-07-12;FW009624;WAP AIRFRY MEGA 7.1L DIGITAL;WAP AIRFRY MEGA 7.1L DIGITAL;WAP AIRFRY MEGA DIGITAL PROSDOCIMO 7.1L 127V;127V;Cozinha;85166000;7899831313037;;1;6.2;7.8;CATALOGO ABERTO;Estrangeira;SDA - COOKING & BEAUTY;cozinha
2023-06-07;FW009540;WAP AIRFRY GRAND FAMILY 5.2L;WAP AIRFRY GRAND FAMILY 5.2L;WAP AIRFRY GRAND PROSDOCIMO 5.2L 220V;220V;Cozinha;85166000;7899831312757;;1;5.6;7.8;CATALOGO ABERTO;Estrangeira;SDA - COOKING & BEAUTY;cozinha
2023-06-07;FW009539;WAP AIRFRY GRAND FAMILY 5.2L;WAP AIRFRY GRAND FAMILY 5.2L;WAP AIRFRY GRAND PROSDOCIMO 5.2L 127V;127V;Cozinha;85166000;7899831312740;;1;5.6;7.8;CATALOGO ABERTO;Estrangeira;SDA - COOKING & BEAUTY;cozinha
2023-06-07;FW009532;WAP AIRFRY FAMILY 4L;WAP AIRFRY FAMILY 4L;WAP AIRFRY FAMILY PROSDOCIMO 4L 220V;220V;Cozinha;85166000;7899831312719;;1;4;7.8;CATALOGO ABERTO;Estrangeira;SDA - COOKING & BEAUTY;cozinha
2023-06-07;FW009531;WAP AIRFRY FAMILY 4L;WAP AIRFRY FAMILY 4L;WAP AIRFRY FAMILY PROSDOCIMO 4L 127V;127V;Cozinha;85166000;7899831312702;;1;4;7.8;CATALOGO ABERTO;Estrangeira;SDA - COOKING & BEAUTY;cozinha
2023-11-21;FW010124;WAP AIRFRY FAMILY 4L VERMEL WAFF2-V;WAP AIRFRY FAMILY 4L VERMEL WAFF2-V;WAP AIRFRY FAMILY 4L VERMEL WAFF2-V 220V;220V;Cozinha;85166000;7899831331840;;1;3.92;7.8;CATALOGO ABERTO;Estrangeira;SDA - COOKING & BEAUTY;cozinha
2023-11-21;FW010123;WAP AIRFRY FAMILY 4L VERMEL WAFF2-V;WAP AIRFRY FAMILY 4L VERMEL WAFF2-V;WAP AIRFRY FAMILY 4L VERMEL WAFF2-V 127V;127V;Cozinha;85166000;7899831331833;;1;3.92;7.8;CATALOGO ABERTO;Estrangeira;SDA - COOKING & BEAUTY;cozinha
2023-11-21;FW010117;WAP AIRFRY FAMILY 4L PRETA WAFF2-P;WAP AIRFRY FAMILY 4L PRETA WAFF2-P;WAP AIRFRY FAMILY 4L PRETA WAFF2-P 220V;220V;Cozinha;85166000;7899831331802;;1;3.7;7.8;CATALOGO ABERTO;Estrangeira;SDA - COOKING & BEAUTY;cozinha
2023-11-21;FW010116;WAP AIRFRY FAMILY 4L PRETA WAFF2-P;WAP AIRFRY FAMILY 4L PRETA WAFF2-P;WAP AIRFRY FAMILY 4L PRETA WAFF2-P 127V;127V;Cozinha;85166000;7899831331796;;1;3.7;7.8;CATALOGO ABERTO;Estrangeira;SDA - COOKING & BEAUTY;cozinha
2025-05-22;FW012059;WAP AIRFRY BARBECUE WC AB1090 SMOKER;WAP AIRFRY BARBECUE WC AB1090 SMOKER;WAP AIRFRY BARBECUE WC AB1090 SMOKER 220V;;Cozinha;85166000;7899831343751;;1;11.8;7.8;CATALOGO ABERTO;Estrangeira;SDA - COOKING & BEAUTY;cozinha
2025-05-22;FW012058;WAP AIRFRY BARBECUE WC AB1090 SMOKER;WAP AIRFRY BARBECUE WC AB1090 SMOKER;WAP AIRFRY BARBECUE WC AB1090 SMOKER 127V;;Cozinha;85166000;7899831343744;;1;11.8;7.8;CATALOGO ABERTO;Estrangeira;SDA - COOKING & BEAUTY;cozinha
2025-05-22;FW012055;WAP AIRFRY BARBECUE WC AB1050 FLAME;WAP AIRFRY BARBECUE WC AB1050 FLAME;WAP AIRFRY BARBECUE WC AB1050 FLAME 220V;;Cozinha;85166000;7899831343737;;1;11.8;7.8;CATALOGO ABERTO;Estrangeira;SDA - COOKING & BEAUTY;cozinha
2025-05-22;FW012054;WAP AIRFRY BARBECUE WC AB1050 FLAME;WAP AIRFRY BARBECUE WC AB1050 FLAME;WAP AIRFRY BARBECUE WC AB1050 FLAME 127V;;Cozinha;85166000;7899831343720;;1;11.8;7.8;CATALOGO ABERTO;Estrangeira;SDA - COOKING & BEAUTY;cozinha
2025-05-22;FW012051;WAP AIRFRY BARBECUE WC AB1030 HEAT;WAP AIRFRY BARBECUE WC AB1030 HEAT;WAP AIRFRY BARBECUE WC AB1030 HEAT 220V;;Cozinha;85166000;7899831343713;;1;11.8;7.8;CATALOGO ABERTO;Estrangeira;SDA - COOKING & BEAUTY;cozinha
2025-05-22;FW012050;WAP AIRFRY BARBECUE WC AB1030 HEAT;WAP AIRFRY BARBECUE WC AB1030 HEAT;WAP AIRFRY BARBECUE WC AB1030 HEAT 127V;;Cozinha;85166000;7899831343706;;1;11.8;7.8;CATALOGO ABERTO;Estrangeira;SDA - COOKING & BEAUTY;cozinha
2023-07-12;FW009627;WAP AIRFRY BARBECUE WAFBD1;WAP AIRFRY BARBECUE WAFBD1;WAP AIRFRY BARBECUE DIGITAL PROSDOCIMO 220V;220V;Cozinha;85166000;7899831313068;;1;11.8;7.8;CATALOGO ABERTO;Estrangeira;SDA - COOKING & BEAUTY;cozinha
2023-07-12;FW009626;WAP AIRFRY BARBECUE WAFBD1;WAP AIRFRY BARBECUE WAFBD1;WAP AIRFRY BARBECUE DIGITAL PROSDOCIMO 127V;127V;Cozinha;85166000;7899831313051;;1;11.8;7.8;CATALOGO ABERTO;Estrangeira;SDA - COOKING & BEAUTY;cozinha
2024-05-22;FW010522;WAP AIRFRY 9L WAFM9;WAP AIRFRY 9L WAFM9;WAP AIRFRY 9L WAFM9 220V;;Cozinha;85166000;7899831336845;;1;10.3;7.8;CATALOGO ABERTO;Estrangeira;SDA - COOKING & BEAUTY;cozinha
2024-05-22;FW010521;WAP AIRFRY 9L WAFM9;WAP AIRFRY 9L WAFM9;WAP AIRFRY 9L WAFM9 127V;;Cozinha;85166000;7899831336838;;1;10.3;7.8;CATALOGO ABERTO;Estrangeira;SDA - COOKING & BEAUTY;cozinha
2025-02-11;FW011428;WAP AIRFRY 6L MEGA PROSDÓCIMO WAFM6;WAP AIRFRY 6L MEGA PROSDÓCIMO WAFM6;WAP AIRFRY 6L MEGA PROSDÓCIMO WAFM6 220V;;Cozinha;85166000;7899831342884;;1;11.8;;CATALOGO ABERTO;Estrangeira;SEM CLASSIFICAÇÃO;cozinha
2025-02-11;FW011427;WAP AIRFRY 6L MEGA PROSDÓCIMO WAFM6;WAP AIRFRY 6L MEGA PROSDÓCIMO WAFM6;WAP AIRFRY 6L MEGA PROSDÓCIMO WAFM6 127V;;Cozinha;85166000;7899831342877;;1;11.8;;CATALOGO ABERTO;Estrangeira;SEM CLASSIFICAÇÃO;cozinha
2025-02-11;FW011432;WAP AIRFRY 5L GRAND PROSDÓCIMO WAFG5;WAP AIRFRY 5L GRAND PROSDÓCIMO WAFG5;WAP AIRFRY 5L GRAND PROSDÓCIMO WAFG5 220V;;Cozinha;85166000;7899831342860;;1;11.8;;CATALOGO ABERTO;Estrangeira;SEM CLASSIFICAÇÃO;cozinha
2025-02-11;FW011431;WAP AIRFRY 5L GRAND PROSDÓCIMO WAFG5;WAP AIRFRY 5L GRAND PROSDÓCIMO WAFG5;WAP AIRFRY 5L GRAND PROSDÓCIMO WAFG5 127V;;Cozinha;85166000;7899831342853;;1;11.8;;CATALOGO ABERTO;Estrangeira;SEM CLASSIFICAÇÃO;cozinha
2021-10-08;FW008646;WAP AIR PROTECT CLW01FI;WAP AIR PROTECT CLW01FI;WAP AIR PROTECT CLW01FI 220V;220V;Ventiladores;84796000;7899831309740;;1;10.5;0;EXCLUSIVO;Estrangeira;SDA - MOTORS & COMFORT;umidificador/ar condicionado
2021-10-08;FW008645;WAP AIR PROTECT CLW01FI;WAP AIR PROTECT CLW01FI;WAP AIR PROTECT CLW01FI 127V;127V;Ventiladores;84796000;7899831309733;;1;10.5;0;EXCLUSIVO;Estrangeira;SDA - MOTORS & COMFORT;umidificador/ar condicionado
2024-02-22;FW010282;WAP AIR HEAT CERAMIC;WAP AIR HEAT CERAMIC;WAP AIR HEAT CERAMIC 220V;220V;Aquecedores;85162900;7899831334575;;1;1.7;13;CATALOGO ABERTO;Estrangeira;SDA - MOTORS & COMFORT;aquecedores
2024-02-22;FW010281;WAP AIR HEAT CERAMIC;WAP AIR HEAT CERAMIC;WAP AIR HEAT CERAMIC 127V;127V;Aquecedores;85162900;7899831334568;;1;1.7;13;CATALOGO ABERTO;Estrangeira;SDA - MOTORS & COMFORT;aquecedores
2022-11-29;FW009371;WAP AIR HEAT;WAP AIR HEAT;WAP AIR HEAT 220V;220V;Aquecedores;85162900;7899831312030;;1;1.1;13;CATALOGO ABERTO;Estrangeira;SDA - MOTORS & COMFORT;aquecedores
2022-11-29;FW009370;WAP AIR HEAT;WAP AIR HEAT;WAP AIR HEAT 127V;127V;Aquecedores;85162900;7899831312023;;1;1.1;13;CATALOGO ABERTO;Estrangeira;SDA - MOTORS & COMFORT;aquecedores
2023-08-03;FW009900;WAP AIR FLOW U2;WAP AIR FLOW U2;WAP AIR FLOW U2;;Eletroportáteis;84798999;7899831313143;;1;0.9;0;CATALOGO ABERTO;Estrangeira;SDA - MOTORS & COMFORT;umidificador/ar condicionado
2020-02-12;FW007733;WAP AIR FLOW;WAP AIR FLOW;WAP AIR FLOW;BIVOLT;Eletroportáteis;84798999;7899831302130;;1;1.04;0;CATALOGO ABERTO;Estrangeira;SDA - MOTORS & COMFORT;umidificador/ar condicionado
2014-05-16;FW004193;WAP ÁGIL;WAP ÁGIL;WAP ÁGIL 1800 220V;220V;Lavadoras;84243010;7898152188881;;1;6;0;CATALOGO ABERTO;Estrangeira;DIY;lavadora - ocasional
2014-05-16;FW004192;WAP ÁGIL;WAP ÁGIL;WAP ÁGIL 1800 127V;127V;Lavadoras;84243010;7898152188874;;1;6;0;CATALOGO ABERTO;Estrangeira;DIY;lavadora - ocasional
2019-05-17;FW006760;WAP 5100 TURBO;WAP 5100 TURBO;WAP 5100 TURBO 220V;220V;Lavadoras;84243010;7899831300655;;1;24.5;0;CATALOGO ABERTO;Estrangeira;DIY;lavadora - intensivo
2019-05-17;FW006759;WAP 5100 TURBO;WAP 5100 TURBO;WAP 5100 TURBO 127V - 60Hz;127V;Lavadoras;84243010;7899831300648;;1;24.5;0;CATALOGO ABERTO;Estrangeira;DIY;lavadoras agua fria comercial
2018-01-29;FW006012;WAP 4100 TURBO;WAP 4100;WAP 4100 TURBO 220V;220V;Lavadoras;84243010;7898152181592;;1;18;0;CATALOGO ABERTO;Nacional;DIY;lavadora - intensivo
2018-01-29;FW006011;WAP 4100 TURBO;WAP 4100;WAP 4100 TURBO 127V;127V;Lavadoras;84243010;7898152181585;;1;18;0;CATALOGO ABERTO;Nacional;DIY;lavadora - intensivo
2018-02-14;FW006018;WAP 4100;WAP 4100;WAP 4100 220V 60Hz - HAVAN;220V;Lavadoras;84243010;7898152186856;;1;18;0;CATALOGO ABERTO;Nacional;DIY;lavadora - intensivo
2018-08-10;FW006351;WAP 4100;WAP 4100;WAP 4100 220V 60HZ - EXC. HERVAL;220V;Lavadoras;84243010;7898152189680;;1;23;0;CATALOGO ABERTO;Nacional;DIY;lavadora - intensivo
2019-05-13;FW006748;WAP 4100;WAP 4100;WAP 4100 220V 50Hz;220V;Lavadoras;84243010;7899831300594;;1;18;0;CATALOGO ABERTO;Nacional;DIY;lavadora - intensivo
2016-08-16;FW005422;WAP 4100;WAP 4100;WAP 4100 220V;220V;Lavadoras;84243010;7898152181233;;1;18;0;CATALOGO ABERTO;Nacional;DIY;lavadora - intensivo
2018-02-14;FW006017;WAP 4100;WAP 4100;WAP 4100 127V 60Hz - HAVAN;127V;Lavadoras;84243010;7898152186849;;1;18;0;CATALOGO ABERTO;Nacional;DIY;lavadora - intensivo
2016-08-16;FW005421;WAP 4100;WAP 4100;WAP 4100 127V;127V;Lavadoras;84243010;7898152181226;;1;18;0;CATALOGO ABERTO;Nacional;DIY;lavadora - intensivo
2011-08-21;FW000736;WAP L/2400;WAP L/2400;WAP L/2400 - 440V - 3~ 60HZ;440V;Lavadoras;84243010;7898152186481;;1;69;;CATALOGO ABERTO;Nacional;SEM CLASSIFICAÇÃO;lavadora - intensivo
2021-10-18;WAAW0003;WAAW US 200SB DUO;WAAW US 200SB DUO;WAAW SPEAKER BLUETOOTH US 200 DUO;;Áudio;85182200;7899831310029;17899831310026;8;0.939;15;CATALOGO ABERTO;Estrangeira;TECH;speaker
2023-06-02;WAAW0035;WAAW INFINITE 200;WAAW INFINITE 200;WAAW SOUND BOX BLUETOOTH INFINITE 200;;Áudio;85185000;7899831312511;;1;10.05;9.75;CATALOGO ABERTO;Estrangeira;TECH;speaker
2023-06-02;WAAW0034;WAAW INFINITE 100;WAAW INFINITE 100;WAAW SOUND BOX BLUETOOTH INFINITE 100;;Áudio;85185000;7899831312504;7899831312504;1;4.9;9.75;CATALOGO ABERTO;Estrangeira;TECH;speaker
2023-12-19;WAAW0430;WAAW SENSE 310;WAAW SENSE 310;WAAW SENSE 310;;Áudio;85183000;7899831332816;;1;0.252;9.75;CATALOGO ABERTO;Estrangeira;TECH;headphone
2023-12-19;WAAW0427;WAAW SENSE 210;WAAW SENSE 210;WAAW SENSE 210;;Áudio;85183000;7899831332809;27899831332803;5;0.61;9.75;CATALOGO ABERTO;Estrangeira;TECH;headphone
2023-12-19;WAAW0406;WAAW MOVE 200;WAAW MOVE 200;WAAW MOVE 200;;Áudio;85183000;7899831332724;27899831332728;10;0;9.75;CATALOGO ABERTO;Estrangeira;TECH;earphone
2024-06-17;WAAW0460;WAAW MOB 500 W ANC;WAAW MOB 500 W ANC;WAAW MOB 500-W ANC;;Áudio;85183000;7899831337286;;1;0.0517;9.75;EXCLUSIVO;Estrangeira;TECH;earphone
2023-12-19;WAAW0421;WAAW MOB 500 ANC;WAAW MOB 500 ANC;WAAW MOB 500 ANC;;Áudio;85183000;7899831332786;27899831332780;5;0.0517;9.75;CATALOGO ABERTO;Estrangeira;TECH;earphone
2023-12-19;WAAW0400;WAAW ME 110;WAAW ME 110;WAAW ME 110;;Áudio;85185000;7899831332700;27899831332704;10;0.506;9.75;CATALOGO ABERTO;Estrangeira;TECH;speaker
2023-12-19;WAAW0413;WAAW INFINITE 700;WAAW INFINITE 700;WAAW INFINITE 700;;Áudio;85185000;7899831332748;;1;25.8;9.75;CATALOGO ABERTO;Estrangeira;TECH;speaker
2023-12-19;WAAW0417;WAAW INFINITE 1000;WAAW INFINITE 1000;WAAW INFINITE 1000;;Áudio;85185000;7899831332762;;1;44.9;9.75;CATALOGO ABERTO;Estrangeira;TECH;speaker
2023-10-02;WAAW0037;WAAW HYPERBOOM 1000;WAAW HYPERBOOM 1000;WAAW HYPERBOOM 1000;;Áudio;85182200;7899831327249;7899831327249;1;2.015;15;CATALOGO ABERTO;Estrangeira;TECH;speaker
2021-10-18;WAAW0012;WAAW SENSE 200HB;WAAW SENSE 200HB;WAAW HEADPHONE BLUETOOTH SENSE 200;;Áudio;85183000;7899831310128;17899831310125;1;0.39;9.75;CATALOGO ABERTO;Estrangeira;TECH;headphone
2022-06-14;WAAW0013U;WAAW SENSE 300HBNC;WAAW SENSE 300HBNC;WAAW HEADPHONE BLUETOOTH NOISE CANCELLING SENSE 300 - UN;;Áudio;85183000;7899831311132;;1;0.534;9.75;CATALOGO ABERTO;Estrangeira;TECH;headphone
2021-10-18;WAAW0013;WAAW SENSE 300HBNC;WAAW SENSE 300HBNC;WAAW HEADPHONE BLUETOOTH NOISE CANCELLING SENSE 300;;Áudio;85183000;7899831310135;;1;0.534;9.75;CATALOGO ABERTO;Estrangeira;TECH;headphone
2021-10-18;WAAW0014;WAAW VIB 100EW;WAAW VIB 100EW;WAAW EARPHONE WIRED VIB 100;;Áudio;85183000;7899831310142;;1;0.04;9.75;CATALOGO ABERTO;Estrangeira;TECH;earphone
2022-02-08;WAAW0015;WAAW ENERGY 10EWG;WAAW ENERGY 10EWG;WAAW EARPHONE WIRED GAMER ENERGY 10;;Áudio;85183000;7899831311620;;1;0.024;9.75;CATALOGO ABERTO;Estrangeira;TECH;earphone
2021-10-18;WAAW0007;WAAW MOB 200EB;WAAW MOB 200EB;WAAW EARPHONE BLUETOOTH MOB 200;;Áudio;85183000;7899831310067;17899831310064;1;0.105;9.75;CATALOGO ABERTO;Estrangeira;TECH;earphone
2023-12-19;WAAW0397;WAAW BOOM 200;WAAW BOOM 200;WAAW BOOM 200;;Áudio;85185000;7899831332694;17899831332691;2;3.3;9.75;CATALOGO ABERTO;Estrangeira;TECH;speaker
2024-06-28;FW010651;VENTILADOR POLISHOP COLUNA;VENTILADOR POLISHOP COLUNA;VENTILADOR POLISHOP COLUNA 220V;;Ventiladores;84145990;7899831337439;;1;6;0;EXCLUSIVO;Nacional;SDA - MOTORS & COMFORT;ventilador - de coluna
2024-06-28;FW010650;VENTILADOR POLISHOP COLUNA;VENTILADOR POLISHOP COLUNA;VENTILADOR POLISHOP COLUNA 127V;;Ventiladores;84145990;7899831337422;;1;6;0;EXCLUSIVO;Nacional;SDA - MOTORS & COMFORT;ventilador - de coluna
2024-06-28;FW010656;VENTILADOR MESA E PAREDE POLISHOP;VENTILADOR MESA E PAREDE POLISHOP;VENTILADOR POLISHOP 2 EM 1 220V;;Ventiladores;84145990;7899831337453;;1;3.6;0;EXCLUSIVO;Nacional;SDA - MOTORS & COMFORT;ventilador - de mesa
2024-06-28;FW010655;VENTILADOR MESA E PAREDE POLISHOP;VENTILADOR MESA E PAREDE POLISHOP;VENTILADOR POLISHOP 2 EM 1 127V;;Ventiladores;84145990;7899831337446;;1;3.6;0;EXCLUSIVO;Nacional;SDA - MOTORS & COMFORT;ventilador - de mesa
2024-06-14;FW010596;VENTILADOR MESA E PAREDE BAUMON;VENTILADOR MESA E PAREDE BAUMON;VENTILADOR MESA E PAREDE BAUMON 220V;;Ventiladores;84145990;7899831337415;;1;3.6;0;EXCLUSIVO;Nacional;SDA - MOTORS & COMFORT;ventilador - de mesa
2024-06-14;FW010595;VENTILADOR MESA E PAREDE BAUMON;VENTILADOR MESA E PAREDE BAUMON;VENTILADOR MESA E PAREDE BAUMON 127V;;Ventiladores;84145990;7899831337408;;1;3.6;0;EXCLUSIVO;Nacional;SDA - MOTORS & COMFORT;ventilador - de mesa
2024-06-14;FW010594;VENTILADOR BAUMON COLUNA;VENTILADOR BAUMON COLUNA;VENTILADOR BAUMON COLUNA 220V;;Ventiladores;84145990;7899831337392;;1;6;0;EXCLUSIVO;Nacional;SDA - MOTORS & COMFORT;ventilador - de coluna
2024-06-14;FW010593;VENTILADOR BAUMON COLUNA;VENTILADOR BAUMON COLUNA;VENTILADOR BAUMON COLUNA 127V;;Ventiladores;84145990;7899831337385;;1;6;0;EXCLUSIVO;Nacional;SDA - MOTORS & COMFORT;ventilador - de coluna
2022-02-08;FW008794;PULVERIZADOR COSTAL MANUAL 20L;PULVERIZADOR COSTAL MANUAL 20L;PULVERIZADOR COSTAL MANUAL 20L - WAP GPCM20L01;;Jardinagem;84244100;7899831310272;;1;0;;CATALOGO ABERTO;Estrangeira;SEM CLASSIFICAÇÃO;garden manual - pulverização
2021-12-02;FW008655;WAP KIT IRRIGAÇÃO GKIS01;WAP KIT IRRIGAÇÃO GKIS01;KIT IRRIGAÇÃO WAP GKIS01;;Jardinagem;84248229;7899831309818;17899831309815;12;0.114;0;CATALOGO ABERTO;Estrangeira;DIY;garden manual - irrigação
2021-12-02;FW008656;WAP KIT IRRIGAÇÃO REGULÁVEL GKIR01;WAP KIT IRRIGAÇÃO REGULÁVEL GKIR01;KIT IRRIGAÇÃO REGULÁVEL WAP GKIR01;;Jardinagem;84248229;7899831309825;;1;0.236;0;CATALOGO ABERTO;Estrangeira;DIY;garden manual - irrigação
2021-12-13;FW008671;WAP KIT ENGATE AQUASTOP GKERA01;WAP KIT ENGATE AQUASTOP GKERA01;KIT ENGATE RÁPIDO AQUASTOP - WAP GKERA01;;Jardinagem;39174090;7899831310180;;1;0.046;0;CATALOGO ABERTO;Estrangeira;DIY;garden manual - irrigação
2021-12-02;FW008657;WAP ESGUICHO REGULÁVEL GEIR01;WAP ESGUICHO REGULÁVEL GEIR01;ESGUICHO IRRIGAÇÃO REGULÁVEL WAP GEIR01;;Jardinagem;84248229;7899831309832;;1;0.169;0;CATALOGO ABERTO;Estrangeira;DIY;garden manual - irrigação
2021-12-03;FW008661;WAP ESGUICHO MULTIPLO GEIM01;WAP ESGUICHO MULTIPLO GEIM01;ESGUICHO IRRIGAÇÃO MULTIPLO WAP GEIM01;;Jardinagem;84248229;7899831309856;;1;0.194;0;CATALOGO ABERTO;Estrangeira;DIY;garden manual - irrigação
2022-07-14;FW008665U;WAP ASPERSOR SETORIAL GAISE01;WAP ASPERSOR SETORIAL GAISE01;ASPERSOR IMPULSO SETORIAL ESPIGA WAP GAISE01 - UN;;Jardinagem;84248221;7899831311293;;1;0.111;0;CATALOGO ABERTO;Estrangeira;DIY;garden manual - irrigação
2021-12-03;FW008665;WAP ASPERSOR SETORIAL GAISE01;WAP ASPERSOR SETORIAL GAISE01;ASPERSOR IMPULSO SETORIAL ESPIGA WAP GAISE01;;Jardinagem;84248221;7899831309894;;1;0.111;0;CATALOGO ABERTO;Estrangeira;DIY;garden manual - irrigação
2024-01-24;CP3431;ANTI ODOR;;;;Soluções de Limpeza;;7899870103699;;1;;;SOLUÇÕES DE LIMPEZA;;;
2024-01-26;CP3432;LIMPA MOFO E BOLOR;;;;Soluções de Limpeza;;7899870103705;;1;;;SOLUÇÕES DE LIMPEZA;;;
2023-10-02;CP3206;ELIMINA ODORES;;;;Soluções de Limpeza;;7899870101633;;1;;;SOLUÇÕES DE LIMPEZA;;;
2023-10-02;CP3242;LIMPE PRO;;;;Soluções de Limpeza;;7899870102104;;1;;;SOLUÇÕES DE LIMPEZA;;;
2023-10-02;CP3340;IMPER TEXTIL;;;;Soluções de Limpeza;;7899870102807;;1;;;SOLUÇÕES DE LIMPEZA;;;
2023-12-18;CP3201;LIMPA E EXTRAI;;;;Soluções de Limpeza;;7899870101589;;1;;;SOLUÇÕES DE LIMPEZA;;;
2023-12-18;CP3202;LIMPA E EXTRAI;;;;Soluções de Limpeza;;7899870101596;;1;;;SOLUÇÕES DE LIMPEZA;;;
2022-05-24;CP3211;REMOVE MANCHAS;;;;Soluções de Limpeza;;7899870101688;;1;;;SOLUÇÕES DE LIMPEZA;;;
2022-05-24;CP3236;LIMPA PISOS;;;;Soluções de Limpeza;;7899870102050;;1;;;SOLUÇÕES DE LIMPEZA;;;
2022-05-24;CP3237;LIMPA PISOS;;;;Soluções de Limpeza;;7899870102067;;1;;;SOLUÇÕES DE LIMPEZA;;;
2022-05-24;CP3241;LIMPE PRO;;;;Soluções de Limpeza;;7899870102098;;1;;;SOLUÇÕES DE LIMPEZA;;;
2022-05-24;CP3263;LIMPA PISOS;;;;Soluções de Limpeza;;7899870102166;;1;;;SOLUÇÕES DE LIMPEZA;;;
2022-05-24;CP3264;LIMPE PRO;;;;Soluções de Limpeza;;7899870102173;;1;;;SOLUÇÕES DE LIMPEZA;;;
2023-05-25;CP3344;ELIMINA MOFO E BOLOR;;;;Soluções de Limpeza;;7899870102838;;1;;;SOLUÇÕES DE LIMPEZA;;;
2023-05-25;CP3364;ADEUS ODOR;;;;Soluções de Limpeza;;7899870102852;;1;;;SOLUÇÕES DE LIMPEZA;;;
2022-06-22;CP3205;ELIMINA ODORES;;;;Soluções de Limpeza;;7899870101626;;1;;;SOLUÇÕES DE LIMPEZA;;;
2022-06-22;CP3209;REMOVE MANCHAS;;;;Soluções de Limpeza;;7899870101664;;1;;;SOLUÇÕES DE LIMPEZA;;;
2022-06-22;CP3243;LIMPA TECIDOS;;;;Soluções de Limpeza;;7899870102036;;1;;;SOLUÇÕES DE LIMPEZA;;;
